"","CaseID","CompanyID","CaseAssigned","Assigned_Resource1","Assigned_Resource2","Assigned_Resource3","Assigned_Resource4","Assigned_Resource5","Assigned_Resource6","Assigned_Resource7","Assigned_Resource8","Assigned_Resource9","Assigned_Resource10","Assigned_Resource11","Assigned_Resource12","Assigned_Resource13","Assigned_Resource14","Assigned_Resource15","Case.Flagged."
"1",47,1,0,0,0,0,0,0,0,0,0,0,0,0,0,0,0,0,0
"2",58,7,0,0,0,0,0,0,0,0,0,0,0,0,0,0,0,0,0
"3",67,6,0,0,0,0,0,0,0,0,0,0,0,0,0,0,0,0,0
"4",234,5,0,0,0,0,0,0,0,0,0,0,0,0,0,0,0,0,0
"5",319,2,0,0,0,0,0,0,0,0,0,0,0,0,0,0,0,0,0
"6",354,5,0,0,0,0,0,0,0,0,0,0,0,0,0,0,0,0,0
"7",430,8,0,0,0,0,0,0,0,0,0,0,0,0,0,0,0,0,0
"8",460,4,0,0,0,0,0,0,0,0,0,0,0,0,0,0,0,0,0
"9",475,6,0,0,0,0,0,0,0,0,0,0,0,0,0,0,0,0,0
"10",478,9,0,0,0,0,0,0,0,0,0,0,0,0,0,0,0,0,0
"11",503,7,0,0,0,0,0,0,0,0,0,0,0,0,0,0,0,0,0
"12",531,4,0,0,0,0,0,0,0,0,0,0,0,0,0,0,0,0,0
"13",624,4,0,0,0,0,0,0,0,0,0,0,0,0,0,0,0,0,0
"14",652,3,0,0,0,0,0,0,0,0,0,0,0,0,0,0,0,0,0
"15",661,9,0,0,0,0,0,0,0,0,0,0,0,0,0,0,0,0,0
"16",662,8,0,0,0,0,0,0,0,0,0,0,0,0,0,0,0,0,0
"17",718,6,0,0,0,0,0,0,0,0,0,0,0,0,0,0,0,0,0
"18",742,1,0,0,0,0,0,0,0,0,0,0,0,0,0,0,0,0,0
"19",760,4,0,0,0,0,0,0,0,0,0,0,0,0,0,0,0,0,0
"20",796,9,0,0,0,0,0,0,0,0,0,0,0,0,0,0,0,0,0
"21",809,6,0,0,0,0,0,0,0,0,0,0,0,0,0,0,0,0,0
"22",860,9,0,0,0,0,0,0,0,0,0,0,0,0,0,0,0,0,0
"23",944,6,0,0,0,0,0,0,0,0,0,0,0,0,0,0,0,0,0
"24",960,3,0,0,0,0,0,0,0,0,0,0,0,0,0,0,0,0,0
"25",991,5,0,0,0,0,0,0,0,0,0,0,0,0,0,0,0,0,0
"26",1002,10,0,0,0,0,0,0,0,0,0,0,0,0,0,0,0,0,0
"27",1004,4,0,0,0,0,0,0,0,0,0,0,0,0,0,0,0,0,0
"28",1006,8,0,0,0,0,0,0,0,0,0,0,0,0,0,0,0,0,0
"29",1008,9,0,0,0,0,0,0,0,0,0,0,0,0,0,0,0,0,0
"30",1011,7,0,0,0,0,0,0,0,0,0,0,0,0,0,0,0,0,0
"31",1018,9,0,0,0,0,0,0,0,0,0,0,0,0,0,0,0,0,0
"32",1032,7,0,0,0,0,0,0,0,0,0,0,0,0,0,0,0,0,0
"33",1039,10,0,0,0,0,0,0,0,0,0,0,0,0,0,0,0,0,0
"34",1043,7,0,0,0,0,0,0,0,0,0,0,0,0,0,0,0,0,0
"35",1053,5,0,0,0,0,0,0,0,0,0,0,0,0,0,0,0,0,0
"36",1074,5,0,0,0,0,0,0,0,0,0,0,0,0,0,0,0,0,0
"37",1083,2,0,0,0,0,0,0,0,0,0,0,0,0,0,0,0,0,0
"38",1086,5,0,0,0,0,0,0,0,0,0,0,0,0,0,0,0,0,0
"39",1118,10,0,0,0,0,0,0,0,0,0,0,0,0,0,0,0,0,0
"40",1142,8,0,0,0,0,0,0,0,0,0,0,0,0,0,0,0,0,0
"41",1219,4,0,0,0,0,0,0,0,0,0,0,0,0,0,0,0,0,0
"42",1231,10,0,0,0,0,0,0,0,0,0,0,0,0,0,0,0,0,0
"43",1232,3,0,0,0,0,0,0,0,0,0,0,0,0,0,0,0,0,0
"44",1245,2,0,0,0,0,0,0,0,0,0,0,0,0,0,0,0,0,0
"45",1430,8,0,0,0,0,0,0,0,0,0,0,0,0,0,0,0,0,0
"46",1433,6,0,0,0,0,0,0,0,0,0,0,0,0,0,0,0,0,0
"47",1439,6,0,0,0,0,0,0,0,0,0,0,0,0,0,0,0,0,0
"48",1447,2,0,0,0,0,0,0,0,0,0,0,0,0,0,0,0,0,0
"49",1464,5,0,0,0,0,0,0,0,0,0,0,0,0,0,0,0,0,0
"50",1491,6,0,0,0,0,0,0,0,0,0,0,0,0,0,0,0,0,0
"51",1498,10,0,0,0,0,0,0,0,0,0,0,0,0,0,0,0,0,0
"52",1539,8,0,0,0,0,0,0,0,0,0,0,0,0,0,0,0,0,0
"53",1568,2,0,0,0,0,0,0,0,0,0,0,0,0,0,0,0,0,0
"54",1600,7,0,0,0,0,0,0,0,0,0,0,0,0,0,0,0,0,0
"55",1603,9,0,0,0,0,0,0,0,0,0,0,0,0,0,0,0,0,0
"56",1621,7,0,0,0,0,0,0,0,0,0,0,0,0,0,0,0,0,0
"57",1629,9,0,0,0,0,0,0,0,0,0,0,0,0,0,0,0,0,0
"58",1666,8,0,0,0,0,0,0,0,0,0,0,0,0,0,0,0,0,0
"59",1698,8,0,0,0,0,0,0,0,0,0,0,0,0,0,0,0,0,0
"60",1699,9,0,0,0,0,0,0,0,0,0,0,0,0,0,0,0,0,0
"61",1809,2,0,0,0,0,0,0,0,0,0,0,0,0,0,0,0,0,0
"62",1847,9,0,0,0,0,0,0,0,0,0,0,0,0,0,0,0,0,0
"63",1870,2,0,0,0,0,0,0,0,0,0,0,0,0,0,0,0,0,0
"64",1873,1,0,0,0,0,0,0,0,0,0,0,0,0,0,0,0,0,0
"65",2078,7,0,0,0,0,0,0,0,0,0,0,0,0,0,0,0,0,0
"66",2089,2,0,0,0,0,0,0,0,0,0,0,0,0,0,0,0,0,0
"67",2145,3,0,0,0,0,0,0,0,0,0,0,0,0,0,0,0,0,0
"68",2167,1,0,0,0,0,0,0,0,0,0,0,0,0,0,0,0,0,0
"69",2182,10,0,0,0,0,0,0,0,0,0,0,0,0,0,0,0,0,0
"70",2205,6,0,0,0,0,0,0,0,0,0,0,0,0,0,0,0,0,0
"71",2209,10,0,0,0,0,0,0,0,0,0,0,0,0,0,0,0,0,0
"72",2230,9,0,0,0,0,0,0,0,0,0,0,0,0,0,0,0,0,0
"73",2357,1,0,0,0,0,0,0,0,0,0,0,0,0,0,0,0,0,0
"74",2394,5,0,0,0,0,0,0,0,0,0,0,0,0,0,0,0,0,0
"75",2409,4,0,0,0,0,0,0,0,0,0,0,0,0,0,0,0,0,0
"76",2416,1,0,0,0,0,0,0,0,0,0,0,0,0,0,0,0,0,0
"77",2573,6,0,0,0,0,0,0,0,0,0,0,0,0,0,0,0,0,0
"78",2610,7,0,0,0,0,0,0,0,0,0,0,0,0,0,0,0,0,0
"79",2616,5,0,0,0,0,0,0,0,0,0,0,0,0,0,0,0,0,0
"80",2625,10,0,0,0,0,0,0,0,0,0,0,0,0,0,0,0,0,0
"81",2652,9,0,0,0,0,0,0,0,0,0,0,0,0,0,0,0,0,0
"82",2653,9,0,0,0,0,0,0,0,0,0,0,0,0,0,0,0,0,0
"83",2654,5,0,0,0,0,0,0,0,0,0,0,0,0,0,0,0,0,0
"84",2671,5,0,0,0,0,0,0,0,0,0,0,0,0,0,0,0,0,0
"85",2672,2,0,0,0,0,0,0,0,0,0,0,0,0,0,0,0,0,0
"86",2710,9,0,0,0,0,0,0,0,0,0,0,0,0,0,0,0,0,0
"87",2713,8,0,0,0,0,0,0,0,0,0,0,0,0,0,0,0,0,0
"88",2722,7,0,0,0,0,0,0,0,0,0,0,0,0,0,0,0,0,0
"89",2724,1,0,0,0,0,0,0,0,0,0,0,0,0,0,0,0,0,0
"90",2751,6,0,0,0,0,0,0,0,0,0,0,0,0,0,0,0,0,0
"91",2771,7,0,0,0,0,0,0,0,0,0,0,0,0,0,0,0,0,0
"92",2784,10,0,0,0,0,0,0,0,0,0,0,0,0,0,0,0,0,0
"93",2839,6,0,0,0,0,0,0,0,0,0,0,0,0,0,0,0,0,0
"94",2844,4,0,0,0,0,0,0,0,0,0,0,0,0,0,0,0,0,0
"95",2890,2,0,0,0,0,0,0,0,0,0,0,0,0,0,0,0,0,0
"96",2902,8,0,0,0,0,0,0,0,0,0,0,0,0,0,0,0,0,0
"97",2910,5,0,0,0,0,0,0,0,0,0,0,0,0,0,0,0,0,0
"98",2944,3,0,0,0,0,0,0,0,0,0,0,0,0,0,0,0,0,0
"99",2950,6,0,0,0,0,0,0,0,0,0,0,0,0,0,0,0,0,0
"100",2953,8,0,0,0,0,0,0,0,0,0,0,0,0,0,0,0,0,0
"101",2968,4,0,0,0,0,0,0,0,0,0,0,0,0,0,0,0,0,0
"102",2969,4,0,0,0,0,0,0,0,0,0,0,0,0,0,0,0,0,0
"103",2984,5,0,0,0,0,0,0,0,0,0,0,0,0,0,0,0,0,0
"104",3037,1,0,0,0,0,0,0,0,0,0,0,0,0,0,0,0,0,0
"105",3075,3,0,0,0,0,0,0,0,0,0,0,0,0,0,0,0,0,0
"106",3076,7,0,0,0,0,0,0,0,0,0,0,0,0,0,0,0,0,0
"107",3118,4,0,0,0,0,0,0,0,0,0,0,0,0,0,0,0,0,0
"108",3126,7,0,0,0,0,0,0,0,0,0,0,0,0,0,0,0,0,0
"109",3142,1,0,0,0,0,0,0,0,0,0,0,0,0,0,0,0,0,0
"110",3144,2,0,0,0,0,0,0,0,0,0,0,0,0,0,0,0,0,0
"111",3156,6,0,0,0,0,0,0,0,0,0,0,0,0,0,0,0,0,0
"112",3169,10,0,0,0,0,0,0,0,0,0,0,0,0,0,0,0,0,0
"113",3184,3,0,0,0,0,0,0,0,0,0,0,0,0,0,0,0,0,0
"114",3192,9,0,0,0,0,0,0,0,0,0,0,0,0,0,0,0,0,0
"115",3198,6,0,0,0,0,0,0,0,0,0,0,0,0,0,0,0,0,0
"116",3223,10,0,0,0,0,0,0,0,0,0,0,0,0,0,0,0,0,0
"117",3231,4,0,0,0,0,0,0,0,0,0,0,0,0,0,0,0,0,0
"118",3233,3,0,0,0,0,0,0,0,0,0,0,0,0,0,0,0,0,0
"119",3234,3,0,0,0,0,0,0,0,0,0,0,0,0,0,0,0,0,0
"120",3242,6,0,0,0,0,0,0,0,0,0,0,0,0,0,0,0,0,0
"121",3244,3,0,0,0,0,0,0,0,0,0,0,0,0,0,0,0,0,0
"122",3264,10,0,0,0,0,0,0,0,0,0,0,0,0,0,0,0,0,0
"123",3281,6,0,0,0,0,0,0,0,0,0,0,0,0,0,0,0,0,0
"124",3283,3,0,0,0,0,0,0,0,0,0,0,0,0,0,0,0,0,0
"125",3293,10,0,0,0,0,0,0,0,0,0,0,0,0,0,0,0,0,0
"126",3336,8,0,0,0,0,0,0,0,0,0,0,0,0,0,0,0,0,0
"127",3353,8,0,0,0,0,0,0,0,0,0,0,0,0,0,0,0,0,0
"128",3354,9,0,0,0,0,0,0,0,0,0,0,0,0,0,0,0,0,0
"129",3428,8,0,0,0,0,0,0,0,0,0,0,0,0,0,0,0,0,0
"130",3430,8,0,0,0,0,0,0,0,0,0,0,0,0,0,0,0,0,0
"131",3458,10,0,0,0,0,0,0,0,0,0,0,0,0,0,0,0,0,0
"132",3468,8,0,0,0,0,0,0,0,0,0,0,0,0,0,0,0,0,0
"133",3481,10,0,0,0,0,0,0,0,0,0,0,0,0,0,0,0,0,0
"134",3488,5,0,0,0,0,0,0,0,0,0,0,0,0,0,0,0,0,0
"135",3544,6,0,0,0,0,0,0,0,0,0,0,0,0,0,0,0,0,0
"136",3554,4,0,0,0,0,0,0,0,0,0,0,0,0,0,0,0,0,0
"137",3594,7,0,0,0,0,0,0,0,0,0,0,0,0,0,0,0,0,0
"138",3597,1,0,0,0,0,0,0,0,0,0,0,0,0,0,0,0,0,0
"139",3621,9,0,0,0,0,0,0,0,0,0,0,0,0,0,0,0,0,0
"140",3660,9,0,0,0,0,0,0,0,0,0,0,0,0,0,0,0,0,0
"141",3664,4,0,0,0,0,0,0,0,0,0,0,0,0,0,0,0,0,0
"142",3675,2,0,0,0,0,0,0,0,0,0,0,0,0,0,0,0,0,0
"143",3678,7,0,0,0,0,0,0,0,0,0,0,0,0,0,0,0,0,0
"144",3685,7,0,0,0,0,0,0,0,0,0,0,0,0,0,0,0,0,0
"145",3689,1,0,0,0,0,0,0,0,0,0,0,0,0,0,0,0,0,0
"146",3697,7,0,0,0,0,0,0,0,0,0,0,0,0,0,0,0,0,0
"147",3708,1,0,0,0,0,0,0,0,0,0,0,0,0,0,0,0,0,0
"148",3790,5,0,0,0,0,0,0,0,0,0,0,0,0,0,0,0,0,0
"149",3797,5,0,0,0,0,0,0,0,0,0,0,0,0,0,0,0,0,0
"150",3840,8,0,0,0,0,0,0,0,0,0,0,0,0,0,0,0,0,0
"151",3846,9,0,0,0,0,0,0,0,0,0,0,0,0,0,0,0,0,0
"152",3849,4,0,0,0,0,0,0,0,0,0,0,0,0,0,0,0,0,0
"153",3854,8,0,0,0,0,0,0,0,0,0,0,0,0,0,0,0,0,0
"154",3860,5,0,0,0,0,0,0,0,0,0,0,0,0,0,0,0,0,0
"155",3866,1,0,0,0,0,0,0,0,0,0,0,0,0,0,0,0,0,0
"156",3907,5,0,0,0,0,0,0,0,0,0,0,0,0,0,0,0,0,0
"157",3924,3,0,0,0,0,0,0,0,0,0,0,0,0,0,0,0,0,0
"158",3965,6,0,0,0,0,0,0,0,0,0,0,0,0,0,0,0,0,0
"159",3967,3,0,0,0,0,0,0,0,0,0,0,0,0,0,0,0,0,0
"160",3971,3,0,0,0,0,0,0,0,0,0,0,0,0,0,0,0,0,0
"161",3975,3,0,0,0,0,0,0,0,0,0,0,0,0,0,0,0,0,0
"162",4004,2,0,0,0,0,0,0,0,0,0,0,0,0,0,0,0,0,0
"163",4006,8,0,0,0,0,0,0,0,0,0,0,0,0,0,0,0,0,0
"164",4008,5,0,0,0,0,0,0,0,0,0,0,0,0,0,0,0,0,0
"165",4021,10,0,0,0,0,0,0,0,0,0,0,0,0,0,0,0,0,0
"166",4033,1,0,0,0,0,0,0,0,0,0,0,0,0,0,0,0,0,0
"167",4034,1,0,0,0,0,0,0,0,0,0,0,0,0,0,0,0,0,0
"168",4040,3,0,0,0,0,0,0,0,0,0,0,0,0,0,0,0,0,0
"169",4051,10,0,0,0,0,0,0,0,0,0,0,0,0,0,0,0,0,0
"170",4098,4,0,0,0,0,0,0,0,0,0,0,0,0,0,0,0,0,0
"171",4207,3,0,0,0,0,0,0,0,0,0,0,0,0,0,0,0,0,0
"172",4224,9,0,0,0,0,0,0,0,0,0,0,0,0,0,0,0,0,0
"173",4229,1,0,0,0,0,0,0,0,0,0,0,0,0,0,0,0,0,0
"174",4329,9,0,0,0,0,0,0,0,0,0,0,0,0,0,0,0,0,0
"175",4336,10,0,0,0,0,0,0,0,0,0,0,0,0,0,0,0,0,0
"176",4337,2,0,0,0,0,0,0,0,0,0,0,0,0,0,0,0,0,0
"177",4344,2,0,0,0,0,0,0,0,0,0,0,0,0,0,0,0,0,0
"178",4345,9,0,0,0,0,0,0,0,0,0,0,0,0,0,0,0,0,0
"179",4373,6,0,0,0,0,0,0,0,0,0,0,0,0,0,0,0,0,0
"180",4374,4,0,0,0,0,0,0,0,0,0,0,0,0,0,0,0,0,0
"181",4397,9,0,0,0,0,0,0,0,0,0,0,0,0,0,0,0,0,0
"182",4449,10,0,0,0,0,0,0,0,0,0,0,0,0,0,0,0,0,0
"183",4482,2,0,0,0,0,0,0,0,0,0,0,0,0,0,0,0,0,0
"184",4525,7,0,0,0,0,0,0,0,0,0,0,0,0,0,0,0,0,0
"185",4547,4,0,0,0,0,0,0,0,0,0,0,0,0,0,0,0,0,0
"186",4561,5,0,0,0,0,0,0,0,0,0,0,0,0,0,0,0,0,0
"187",4577,9,0,0,0,0,0,0,0,0,0,0,0,0,0,0,0,0,0
"188",4645,3,0,0,0,0,0,0,0,0,0,0,0,0,0,0,0,0,0
"189",4713,1,0,0,0,0,0,0,0,0,0,0,0,0,0,0,0,0,0
"190",4753,2,0,0,0,0,0,0,0,0,0,0,0,0,0,0,0,0,0
"191",4780,10,0,0,0,0,0,0,0,0,0,0,0,0,0,0,0,0,0
"192",4784,6,0,0,0,0,0,0,0,0,0,0,0,0,0,0,0,0,0
"193",4787,10,0,0,0,0,0,0,0,0,0,0,0,0,0,0,0,0,0
"194",4794,9,0,0,0,0,0,0,0,0,0,0,0,0,0,0,0,0,0
"195",4795,1,0,0,0,0,0,0,0,0,0,0,0,0,0,0,0,0,0
"196",4799,5,0,0,0,0,0,0,0,0,0,0,0,0,0,0,0,0,0
"197",4829,10,0,0,0,0,0,0,0,0,0,0,0,0,0,0,0,0,0
"198",4834,4,0,0,0,0,0,0,0,0,0,0,0,0,0,0,0,0,0
"199",4844,2,0,0,0,0,0,0,0,0,0,0,0,0,0,0,0,0,0
"200",4847,10,0,0,0,0,0,0,0,0,0,0,0,0,0,0,0,0,0
"201",4850,2,0,0,0,0,0,0,0,0,0,0,0,0,0,0,0,0,0
"202",4855,10,0,0,0,0,0,0,0,0,0,0,0,0,0,0,0,0,0
"203",4880,5,0,0,0,0,0,0,0,0,0,0,0,0,0,0,0,0,0
"204",4899,9,0,0,0,0,0,0,0,0,0,0,0,0,0,0,0,0,0
"205",4926,1,0,0,0,0,0,0,0,0,0,0,0,0,0,0,0,0,0
"206",4928,1,0,0,0,0,0,0,0,0,0,0,0,0,0,0,0,0,0
"207",4943,6,0,0,0,0,0,0,0,0,0,0,0,0,0,0,0,0,0
"208",4945,8,0,0,0,0,0,0,0,0,0,0,0,0,0,0,0,0,0
"209",4973,7,0,0,0,0,0,0,0,0,0,0,0,0,0,0,0,0,0
"210",4975,5,0,0,0,0,0,0,0,0,0,0,0,0,0,0,0,0,0
"211",4979,9,0,0,0,0,0,0,0,0,0,0,0,0,0,0,0,0,0
"212",4994,9,0,0,0,0,0,0,0,0,0,0,0,0,0,0,0,0,0
"213",5008,4,0,0,0,0,0,0,0,0,0,0,0,0,0,0,0,0,0
"214",5028,2,0,0,0,0,0,0,0,0,0,0,0,0,0,0,0,0,0
"215",5047,3,0,0,0,0,0,0,0,0,0,0,0,0,0,0,0,0,0
"216",5052,10,0,0,0,0,0,0,0,0,0,0,0,0,0,0,0,0,0
"217",5055,6,0,0,0,0,0,0,0,0,0,0,0,0,0,0,0,0,0
"218",5060,8,0,0,0,0,0,0,0,0,0,0,0,0,0,0,0,0,0
"219",5119,4,0,0,0,0,0,0,0,0,0,0,0,0,0,0,0,0,0
"220",5130,6,0,0,0,0,0,0,0,0,0,0,0,0,0,0,0,0,0
"221",5140,1,0,0,0,0,0,0,0,0,0,0,0,0,0,0,0,0,0
"222",5157,6,0,0,0,0,0,0,0,0,0,0,0,0,0,0,0,0,0
"223",5186,2,0,0,0,0,0,0,0,0,0,0,0,0,0,0,0,0,0
"224",5193,1,0,0,0,0,0,0,0,0,0,0,0,0,0,0,0,0,0
"225",5199,3,0,0,0,0,0,0,0,0,0,0,0,0,0,0,0,0,0
"226",5201,1,0,0,0,0,0,0,0,0,0,0,0,0,0,0,0,0,0
"227",5207,6,0,0,0,0,0,0,0,0,0,0,0,0,0,0,0,0,0
"228",5234,10,0,0,0,0,0,0,0,0,0,0,0,0,0,0,0,0,0
"229",5246,4,0,0,0,0,0,0,0,0,0,0,0,0,0,0,0,0,0
"230",5247,3,0,0,0,0,0,0,0,0,0,0,0,0,0,0,0,0,0
"231",5272,10,0,0,0,0,0,0,0,0,0,0,0,0,0,0,0,0,0
"232",5277,7,0,0,0,0,0,0,0,0,0,0,0,0,0,0,0,0,0
"233",5278,10,0,0,0,0,0,0,0,0,0,0,0,0,0,0,0,0,0
"234",5306,7,0,0,0,0,0,0,0,0,0,0,0,0,0,0,0,0,0
"235",5337,6,0,0,0,0,0,0,0,0,0,0,0,0,0,0,0,0,0
"236",5347,8,0,0,0,0,0,0,0,0,0,0,0,0,0,0,0,0,0
"237",5423,8,0,0,0,0,0,0,0,0,0,0,0,0,0,0,0,0,0
"238",5429,8,0,0,0,0,0,0,0,0,0,0,0,0,0,0,0,0,0
"239",5433,6,0,0,0,0,0,0,0,0,0,0,0,0,0,0,0,0,0
"240",5451,8,0,0,0,0,0,0,0,0,0,0,0,0,0,0,0,0,0
"241",5453,3,0,0,0,0,0,0,0,0,0,0,0,0,0,0,0,0,0
"242",5505,1,0,0,0,0,0,0,0,0,0,0,0,0,0,0,0,0,0
"243",5518,8,0,0,0,0,0,0,0,0,0,0,0,0,0,0,0,0,0
"244",5597,4,0,0,0,0,0,0,0,0,0,0,0,0,0,0,0,0,0
"245",5613,8,0,0,0,0,0,0,0,0,0,0,0,0,0,0,0,0,0
"246",5657,5,0,0,0,0,0,0,0,0,0,0,0,0,0,0,0,0,0
"247",5703,6,0,0,0,0,0,0,0,0,0,0,0,0,0,0,0,0,0
"248",5713,9,0,0,0,0,0,0,0,0,0,0,0,0,0,0,0,0,0
"249",5780,5,0,0,0,0,0,0,0,0,0,0,0,0,0,0,0,0,0
"250",5795,3,0,0,0,0,0,0,0,0,0,0,0,0,0,0,0,0,0
"251",5802,7,0,0,0,0,0,0,0,0,0,0,0,0,0,0,0,0,0
"252",5817,7,0,0,0,0,0,0,0,0,0,0,0,0,0,0,0,0,0
"253",5837,6,0,0,0,0,0,0,0,0,0,0,0,0,0,0,0,0,0
"254",5839,5,0,0,0,0,0,0,0,0,0,0,0,0,0,0,0,0,0
"255",5857,3,0,0,0,0,0,0,0,0,0,0,0,0,0,0,0,0,0
"256",5862,3,0,0,0,0,0,0,0,0,0,0,0,0,0,0,0,0,0
"257",5870,1,0,0,0,0,0,0,0,0,0,0,0,0,0,0,0,0,0
"258",5877,7,0,0,0,0,0,0,0,0,0,0,0,0,0,0,0,0,0
"259",5887,1,0,0,0,0,0,0,0,0,0,0,0,0,0,0,0,0,0
"260",5896,8,0,0,0,0,0,0,0,0,0,0,0,0,0,0,0,0,0
"261",5897,1,0,0,0,0,0,0,0,0,0,0,0,0,0,0,0,0,0
"262",5928,1,0,0,0,0,0,0,0,0,0,0,0,0,0,0,0,0,0
"263",5977,10,0,0,0,0,0,0,0,0,0,0,0,0,0,0,0,0,0
"264",5980,3,0,0,0,0,0,0,0,0,0,0,0,0,0,0,0,0,0
"265",6009,1,0,0,0,0,0,0,0,0,0,0,0,0,0,0,0,0,0
"266",6049,2,0,0,0,0,0,0,0,0,0,0,0,0,0,0,0,0,0
"267",6105,8,0,0,0,0,0,0,0,0,0,0,0,0,0,0,0,0,0
"268",6186,9,0,0,0,0,0,0,0,0,0,0,0,0,0,0,0,0,0
"269",6199,10,0,0,0,0,0,0,0,0,0,0,0,0,0,0,0,0,0
"270",6202,4,0,0,0,0,0,0,0,0,0,0,0,0,0,0,0,0,0
"271",6206,10,0,0,0,0,0,0,0,0,0,0,0,0,0,0,0,0,0
"272",6238,7,0,0,0,0,0,0,0,0,0,0,0,0,0,0,0,0,0
"273",6250,5,0,0,0,0,0,0,0,0,0,0,0,0,0,0,0,0,0
"274",6257,5,0,0,0,0,0,0,0,0,0,0,0,0,0,0,0,0,0
"275",6279,10,0,0,0,0,0,0,0,0,0,0,0,0,0,0,0,0,0
"276",6283,10,0,0,0,0,0,0,0,0,0,0,0,0,0,0,0,0,0
"277",6336,4,0,0,0,0,0,0,0,0,0,0,0,0,0,0,0,0,0
"278",6351,6,0,0,0,0,0,0,0,0,0,0,0,0,0,0,0,0,0
"279",6389,1,0,0,0,0,0,0,0,0,0,0,0,0,0,0,0,0,0
"280",6399,6,0,0,0,0,0,0,0,0,0,0,0,0,0,0,0,0,0
"281",6410,8,0,0,0,0,0,0,0,0,0,0,0,0,0,0,0,0,0
"282",6413,1,0,0,0,0,0,0,0,0,0,0,0,0,0,0,0,0,0
"283",6442,6,0,0,0,0,0,0,0,0,0,0,0,0,0,0,0,0,0
"284",6445,7,0,0,0,0,0,0,0,0,0,0,0,0,0,0,0,0,0
"285",6503,7,0,0,0,0,0,0,0,0,0,0,0,0,0,0,0,0,0
"286",6535,1,0,0,0,0,0,0,0,0,0,0,0,0,0,0,0,0,0
"287",6537,10,0,0,0,0,0,0,0,0,0,0,0,0,0,0,0,0,0
"288",6538,9,0,0,0,0,0,0,0,0,0,0,0,0,0,0,0,0,0
"289",6566,10,0,0,0,0,0,0,0,0,0,0,0,0,0,0,0,0,0
"290",6611,7,0,0,0,0,0,0,0,0,0,0,0,0,0,0,0,0,0
"291",6648,5,0,0,0,0,0,0,0,0,0,0,0,0,0,0,0,0,0
"292",6652,3,0,0,0,0,0,0,0,0,0,0,0,0,0,0,0,0,0
"293",6666,7,0,0,0,0,0,0,0,0,0,0,0,0,0,0,0,0,0
"294",6689,1,0,0,0,0,0,0,0,0,0,0,0,0,0,0,0,0,0
"295",6699,7,0,0,0,0,0,0,0,0,0,0,0,0,0,0,0,0,0
"296",6705,3,0,0,0,0,0,0,0,0,0,0,0,0,0,0,0,0,0
"297",6731,9,0,0,0,0,0,0,0,0,0,0,0,0,0,0,0,0,0
"298",6732,7,0,0,0,0,0,0,0,0,0,0,0,0,0,0,0,0,0
"299",6739,6,0,0,0,0,0,0,0,0,0,0,0,0,0,0,0,0,0
"300",6744,2,0,0,0,0,0,0,0,0,0,0,0,0,0,0,0,0,0
"301",6753,1,0,0,0,0,0,0,0,0,0,0,0,0,0,0,0,0,0
"302",6774,4,0,0,0,0,0,0,0,0,0,0,0,0,0,0,0,0,0
"303",6834,4,0,0,0,0,0,0,0,0,0,0,0,0,0,0,0,0,0
"304",6848,9,0,0,0,0,0,0,0,0,0,0,0,0,0,0,0,0,0
"305",6859,9,0,0,0,0,0,0,0,0,0,0,0,0,0,0,0,0,0
"306",6860,5,0,0,0,0,0,0,0,0,0,0,0,0,0,0,0,0,0
"307",6896,8,0,0,0,0,0,0,0,0,0,0,0,0,0,0,0,0,0
"308",6899,4,0,0,0,0,0,0,0,0,0,0,0,0,0,0,0,0,0
"309",6945,10,0,0,0,0,0,0,0,0,0,0,0,0,0,0,0,0,0
"310",6972,6,0,0,0,0,0,0,0,0,0,0,0,0,0,0,0,0,0
"311",6975,8,0,0,0,0,0,0,0,0,0,0,0,0,0,0,0,0,0
"312",6985,1,0,0,0,0,0,0,0,0,0,0,0,0,0,0,0,0,0
"313",6987,2,0,0,0,0,0,0,0,0,0,0,0,0,0,0,0,0,0
"314",7016,6,0,0,0,0,0,0,0,0,0,0,0,0,0,0,0,0,0
"315",7023,7,0,0,0,0,0,0,0,0,0,0,0,0,0,0,0,0,0
"316",7034,6,0,0,0,0,0,0,0,0,0,0,0,0,0,0,0,0,0
"317",7045,6,0,0,0,0,0,0,0,0,0,0,0,0,0,0,0,0,0
"318",7051,6,0,0,0,0,0,0,0,0,0,0,0,0,0,0,0,0,0
"319",7053,2,0,0,0,0,0,0,0,0,0,0,0,0,0,0,0,0,0
"320",7078,3,0,0,0,0,0,0,0,0,0,0,0,0,0,0,0,0,0
"321",7083,9,0,0,0,0,0,0,0,0,0,0,0,0,0,0,0,0,0
"322",7084,6,0,0,0,0,0,0,0,0,0,0,0,0,0,0,0,0,0
"323",7099,9,0,0,0,0,0,0,0,0,0,0,0,0,0,0,0,0,0
"324",7100,5,0,0,0,0,0,0,0,0,0,0,0,0,0,0,0,0,0
"325",7104,5,0,0,0,0,0,0,0,0,0,0,0,0,0,0,0,0,0
"326",7128,4,0,0,0,0,0,0,0,0,0,0,0,0,0,0,0,0,0
"327",7132,9,0,0,0,0,0,0,0,0,0,0,0,0,0,0,0,0,0
"328",7137,2,0,0,0,0,0,0,0,0,0,0,0,0,0,0,0,0,0
"329",7160,6,0,0,0,0,0,0,0,0,0,0,0,0,0,0,0,0,0
"330",7165,8,0,0,0,0,0,0,0,0,0,0,0,0,0,0,0,0,0
"331",7177,5,0,0,0,0,0,0,0,0,0,0,0,0,0,0,0,0,0
"332",7233,7,0,0,0,0,0,0,0,0,0,0,0,0,0,0,0,0,0
"333",7239,6,0,0,0,0,0,0,0,0,0,0,0,0,0,0,0,0,0
"334",7241,6,0,0,0,0,0,0,0,0,0,0,0,0,0,0,0,0,0
"335",7249,5,0,0,0,0,0,0,0,0,0,0,0,0,0,0,0,0,0
"336",7251,6,0,0,0,0,0,0,0,0,0,0,0,0,0,0,0,0,0
"337",7253,4,0,0,0,0,0,0,0,0,0,0,0,0,0,0,0,0,0
"338",7274,1,0,0,0,0,0,0,0,0,0,0,0,0,0,0,0,0,0
"339",7277,7,0,0,0,0,0,0,0,0,0,0,0,0,0,0,0,0,0
"340",7290,3,0,0,0,0,0,0,0,0,0,0,0,0,0,0,0,0,0
"341",7299,3,0,0,0,0,0,0,0,0,0,0,0,0,0,0,0,0,0
"342",7303,1,0,0,0,0,0,0,0,0,0,0,0,0,0,0,0,0,0
"343",7359,2,0,0,0,0,0,0,0,0,0,0,0,0,0,0,0,0,0
"344",7380,10,0,0,0,0,0,0,0,0,0,0,0,0,0,0,0,0,0
"345",7390,7,0,0,0,0,0,0,0,0,0,0,0,0,0,0,0,0,0
"346",7395,8,0,0,0,0,0,0,0,0,0,0,0,0,0,0,0,0,0
"347",7406,5,0,0,0,0,0,0,0,0,0,0,0,0,0,0,0,0,0
"348",7437,10,0,0,0,0,0,0,0,0,0,0,0,0,0,0,0,0,0
"349",7440,4,0,0,0,0,0,0,0,0,0,0,0,0,0,0,0,0,0
"350",7469,6,0,0,0,0,0,0,0,0,0,0,0,0,0,0,0,0,0
"351",7470,3,0,0,0,0,0,0,0,0,0,0,0,0,0,0,0,0,0
"352",7476,7,0,0,0,0,0,0,0,0,0,0,0,0,0,0,0,0,0
"353",7500,7,0,0,0,0,0,0,0,0,0,0,0,0,0,0,0,0,0
"354",7510,1,0,0,0,0,0,0,0,0,0,0,0,0,0,0,0,0,0
"355",7544,6,0,0,0,0,0,0,0,0,0,0,0,0,0,0,0,0,0
"356",7552,6,0,0,0,0,0,0,0,0,0,0,0,0,0,0,0,0,0
"357",7577,1,0,0,0,0,0,0,0,0,0,0,0,0,0,0,0,0,0
"358",7578,4,0,0,0,0,0,0,0,0,0,0,0,0,0,0,0,0,0
"359",7579,6,0,0,0,0,0,0,0,0,0,0,0,0,0,0,0,0,0
"360",7586,6,0,0,0,0,0,0,0,0,0,0,0,0,0,0,0,0,0
"361",7590,6,0,0,0,0,0,0,0,0,0,0,0,0,0,0,0,0,0
"362",7594,3,0,0,0,0,0,0,0,0,0,0,0,0,0,0,0,0,0
"363",7616,3,0,0,0,0,0,0,0,0,0,0,0,0,0,0,0,0,0
"364",7617,9,0,0,0,0,0,0,0,0,0,0,0,0,0,0,0,0,0
"365",7645,6,0,0,0,0,0,0,0,0,0,0,0,0,0,0,0,0,0
"366",7680,2,0,0,0,0,0,0,0,0,0,0,0,0,0,0,0,0,0
"367",7681,3,0,0,0,0,0,0,0,0,0,0,0,0,0,0,0,0,0
"368",7706,2,0,0,0,0,0,0,0,0,0,0,0,0,0,0,0,0,0
"369",7714,4,0,0,0,0,0,0,0,0,0,0,0,0,0,0,0,0,0
"370",7732,9,0,0,0,0,0,0,0,0,0,0,0,0,0,0,0,0,0
"371",7743,9,0,0,0,0,0,0,0,0,0,0,0,0,0,0,0,0,0
"372",7789,3,0,0,0,0,0,0,0,0,0,0,0,0,0,0,0,0,0
"373",7821,7,0,0,0,0,0,0,0,0,0,0,0,0,0,0,0,0,0
"374",7827,5,0,0,0,0,0,0,0,0,0,0,0,0,0,0,0,0,0
"375",7849,9,0,0,0,0,0,0,0,0,0,0,0,0,0,0,0,0,0
"376",7857,2,0,0,0,0,0,0,0,0,0,0,0,0,0,0,0,0,0
"377",7860,1,0,0,0,0,0,0,0,0,0,0,0,0,0,0,0,0,0
"378",7886,10,0,0,0,0,0,0,0,0,0,0,0,0,0,0,0,0,0
"379",7887,10,0,0,0,0,0,0,0,0,0,0,0,0,0,0,0,0,0
"380",7897,6,0,0,0,0,0,0,0,0,0,0,0,0,0,0,0,0,0
"381",7917,2,0,0,0,0,0,0,0,0,0,0,0,0,0,0,0,0,0
"382",7922,8,0,0,0,0,0,0,0,0,0,0,0,0,0,0,0,0,0
"383",7942,8,0,0,0,0,0,0,0,0,0,0,0,0,0,0,0,0,0
"384",7974,1,0,0,0,0,0,0,0,0,0,0,0,0,0,0,0,0,0
"385",7980,10,0,0,0,0,0,0,0,0,0,0,0,0,0,0,0,0,0
"386",7983,7,0,0,0,0,0,0,0,0,0,0,0,0,0,0,0,0,0
"387",7986,1,0,0,0,0,0,0,0,0,0,0,0,0,0,0,0,0,0
"388",7991,7,0,0,0,0,0,0,0,0,0,0,0,0,0,0,0,0,0
"389",7994,5,0,0,0,0,0,0,0,0,0,0,0,0,0,0,0,0,0
"390",8026,9,0,0,0,0,0,0,0,0,0,0,0,0,0,0,0,0,0
"391",8041,10,0,0,0,0,0,0,0,0,0,0,0,0,0,0,0,0,0
"392",8051,1,0,0,0,0,0,0,0,0,0,0,0,0,0,0,0,0,0
"393",8089,3,0,0,0,0,0,0,0,0,0,0,0,0,0,0,0,0,0
"394",8093,7,0,0,0,0,0,0,0,0,0,0,0,0,0,0,0,0,0
"395",8123,3,0,0,0,0,0,0,0,0,0,0,0,0,0,0,0,0,0
"396",8156,8,0,0,0,0,0,0,0,0,0,0,0,0,0,0,0,0,0
"397",8161,7,0,0,0,0,0,0,0,0,0,0,0,0,0,0,0,0,0
"398",8164,8,0,0,0,0,0,0,0,0,0,0,0,0,0,0,0,0,0
"399",8175,5,0,0,0,0,0,0,0,0,0,0,0,0,0,0,0,0,0
"400",8191,2,0,0,0,0,0,0,0,0,0,0,0,0,0,0,0,0,0
"401",8202,3,0,0,0,0,0,0,0,0,0,0,0,0,0,0,0,0,0
"402",8211,6,0,0,0,0,0,0,0,0,0,0,0,0,0,0,0,0,0
"403",8212,5,0,0,0,0,0,0,0,0,0,0,0,0,0,0,0,0,0
"404",8239,6,0,0,0,0,0,0,0,0,0,0,0,0,0,0,0,0,0
"405",8264,10,0,0,0,0,0,0,0,0,0,0,0,0,0,0,0,0,0
"406",8333,5,0,0,0,0,0,0,0,0,0,0,0,0,0,0,0,0,0
"407",8338,10,0,0,0,0,0,0,0,0,0,0,0,0,0,0,0,0,0
"408",8340,3,0,0,0,0,0,0,0,0,0,0,0,0,0,0,0,0,0
"409",8342,8,0,0,0,0,0,0,0,0,0,0,0,0,0,0,0,0,0
"410",8381,3,0,0,0,0,0,0,0,0,0,0,0,0,0,0,0,0,0
"411",8396,2,0,0,0,0,0,0,0,0,0,0,0,0,0,0,0,0,0
"412",8406,7,0,0,0,0,0,0,0,0,0,0,0,0,0,0,0,0,0
"413",8417,10,0,0,0,0,0,0,0,0,0,0,0,0,0,0,0,0,0
"414",8423,1,0,0,0,0,0,0,0,0,0,0,0,0,0,0,0,0,0
"415",8439,2,0,0,0,0,0,0,0,0,0,0,0,0,0,0,0,0,0
"416",8474,3,0,0,0,0,0,0,0,0,0,0,0,0,0,0,0,0,0
"417",8491,6,0,0,0,0,0,0,0,0,0,0,0,0,0,0,0,0,0
"418",8492,9,0,0,0,0,0,0,0,0,0,0,0,0,0,0,0,0,0
"419",8503,7,0,0,0,0,0,0,0,0,0,0,0,0,0,0,0,0,0
"420",8514,5,0,0,0,0,0,0,0,0,0,0,0,0,0,0,0,0,0
"421",8540,2,0,0,0,0,0,0,0,0,0,0,0,0,0,0,0,0,0
"422",8547,6,0,0,0,0,0,0,0,0,0,0,0,0,0,0,0,0,0
"423",8557,3,0,0,0,0,0,0,0,0,0,0,0,0,0,0,0,0,0
"424",8576,9,0,0,0,0,0,0,0,0,0,0,0,0,0,0,0,0,0
"425",8592,5,0,0,0,0,0,0,0,0,0,0,0,0,0,0,0,0,0
"426",8611,2,0,0,0,0,0,0,0,0,0,0,0,0,0,0,0,0,0
"427",8634,1,0,0,0,0,0,0,0,0,0,0,0,0,0,0,0,0,0
"428",8683,2,0,0,0,0,0,0,0,0,0,0,0,0,0,0,0,0,0
"429",8736,6,0,0,0,0,0,0,0,0,0,0,0,0,0,0,0,0,0
"430",8773,4,0,0,0,0,0,0,0,0,0,0,0,0,0,0,0,0,0
"431",8790,4,0,0,0,0,0,0,0,0,0,0,0,0,0,0,0,0,0
"432",8800,4,0,0,0,0,0,0,0,0,0,0,0,0,0,0,0,0,0
"433",8830,10,0,0,0,0,0,0,0,0,0,0,0,0,0,0,0,0,0
"434",8839,4,0,0,0,0,0,0,0,0,0,0,0,0,0,0,0,0,0
"435",8848,4,0,0,0,0,0,0,0,0,0,0,0,0,0,0,0,0,0
"436",8855,1,0,0,0,0,0,0,0,0,0,0,0,0,0,0,0,0,0
"437",8886,1,0,0,0,0,0,0,0,0,0,0,0,0,0,0,0,0,0
"438",8899,8,0,0,0,0,0,0,0,0,0,0,0,0,0,0,0,0,0
"439",8900,3,0,0,0,0,0,0,0,0,0,0,0,0,0,0,0,0,0
"440",8907,3,0,0,0,0,0,0,0,0,0,0,0,0,0,0,0,0,0
"441",8909,8,0,0,0,0,0,0,0,0,0,0,0,0,0,0,0,0,0
"442",8942,7,0,0,0,0,0,0,0,0,0,0,0,0,0,0,0,0,0
"443",8952,10,0,0,0,0,0,0,0,0,0,0,0,0,0,0,0,0,0
"444",8996,9,0,0,0,0,0,0,0,0,0,0,0,0,0,0,0,0,0
"445",9010,7,0,0,0,0,0,0,0,0,0,0,0,0,0,0,0,0,0
"446",9015,6,0,0,0,0,0,0,0,0,0,0,0,0,0,0,0,0,0
"447",9062,1,0,0,0,0,0,0,0,0,0,0,0,0,0,0,0,0,0
"448",9071,7,0,0,0,0,0,0,0,0,0,0,0,0,0,0,0,0,0
"449",9083,4,0,0,0,0,0,0,0,0,0,0,0,0,0,0,0,0,0
"450",9107,6,0,0,0,0,0,0,0,0,0,0,0,0,0,0,0,0,0
"451",9110,8,0,0,0,0,0,0,0,0,0,0,0,0,0,0,0,0,0
"452",9140,7,0,0,0,0,0,0,0,0,0,0,0,0,0,0,0,0,0
"453",9158,2,0,0,0,0,0,0,0,0,0,0,0,0,0,0,0,0,0
"454",9162,4,0,0,0,0,0,0,0,0,0,0,0,0,0,0,0,0,0
"455",9163,1,0,0,0,0,0,0,0,0,0,0,0,0,0,0,0,0,0
"456",9168,7,0,0,0,0,0,0,0,0,0,0,0,0,0,0,0,0,0
"457",9209,4,0,0,0,0,0,0,0,0,0,0,0,0,0,0,0,0,0
"458",9243,8,0,0,0,0,0,0,0,0,0,0,0,0,0,0,0,0,0
"459",9302,4,0,0,0,0,0,0,0,0,0,0,0,0,0,0,0,0,0
"460",9324,4,0,0,0,0,0,0,0,0,0,0,0,0,0,0,0,0,0
"461",9343,7,0,0,0,0,0,0,0,0,0,0,0,0,0,0,0,0,0
"462",9366,6,0,0,0,0,0,0,0,0,0,0,0,0,0,0,0,0,0
"463",9369,8,0,0,0,0,0,0,0,0,0,0,0,0,0,0,0,0,0
"464",9383,6,0,0,0,0,0,0,0,0,0,0,0,0,0,0,0,0,0
"465",9392,2,0,0,0,0,0,0,0,0,0,0,0,0,0,0,0,0,0
"466",9399,6,0,0,0,0,0,0,0,0,0,0,0,0,0,0,0,0,0
"467",9420,7,0,0,0,0,0,0,0,0,0,0,0,0,0,0,0,0,0
"468",9443,3,0,0,0,0,0,0,0,0,0,0,0,0,0,0,0,0,0
"469",9459,4,0,0,0,0,0,0,0,0,0,0,0,0,0,0,0,0,0
"470",9470,1,0,0,0,0,0,0,0,0,0,0,0,0,0,0,0,0,0
"471",9485,10,0,0,0,0,0,0,0,0,0,0,0,0,0,0,0,0,0
"472",9486,6,0,0,0,0,0,0,0,0,0,0,0,0,0,0,0,0,0
"473",9489,4,0,0,0,0,0,0,0,0,0,0,0,0,0,0,0,0,0
"474",9494,2,0,0,0,0,0,0,0,0,0,0,0,0,0,0,0,0,0
"475",9503,5,0,0,0,0,0,0,0,0,0,0,0,0,0,0,0,0,0
"476",9504,7,0,0,0,0,0,0,0,0,0,0,0,0,0,0,0,0,0
"477",9534,7,0,0,0,0,0,0,0,0,0,0,0,0,0,0,0,0,0
"478",9548,7,0,0,0,0,0,0,0,0,0,0,0,0,0,0,0,0,0
"479",9565,10,0,0,0,0,0,0,0,0,0,0,0,0,0,0,0,0,0
"480",9578,5,0,0,0,0,0,0,0,0,0,0,0,0,0,0,0,0,0
"481",9595,8,0,0,0,0,0,0,0,0,0,0,0,0,0,0,0,0,0
"482",9624,6,0,0,0,0,0,0,0,0,0,0,0,0,0,0,0,0,0
"483",9650,8,0,0,0,0,0,0,0,0,0,0,0,0,0,0,0,0,0
"484",9651,9,0,0,0,0,0,0,0,0,0,0,0,0,0,0,0,0,0
"485",9675,4,0,0,0,0,0,0,0,0,0,0,0,0,0,0,0,0,0
"486",9678,2,0,0,0,0,0,0,0,0,0,0,0,0,0,0,0,0,0
"487",9753,2,0,0,0,0,0,0,0,0,0,0,0,0,0,0,0,0,0
"488",9758,9,0,0,0,0,0,0,0,0,0,0,0,0,0,0,0,0,0
"489",9771,7,0,0,0,0,0,0,0,0,0,0,0,0,0,0,0,0,0
"490",9785,4,0,0,0,0,0,0,0,0,0,0,0,0,0,0,0,0,0
"491",9816,10,0,0,0,0,0,0,0,0,0,0,0,0,0,0,0,0,0
"492",9822,4,0,0,0,0,0,0,0,0,0,0,0,0,0,0,0,0,0
"493",9828,7,0,0,0,0,0,0,0,0,0,0,0,0,0,0,0,0,0
"494",9863,9,0,0,0,0,0,0,0,0,0,0,0,0,0,0,0,0,0
"495",9868,3,0,0,0,0,0,0,0,0,0,0,0,0,0,0,0,0,0
"496",9897,2,0,0,0,0,0,0,0,0,0,0,0,0,0,0,0,0,0
"497",9926,8,0,0,0,0,0,0,0,0,0,0,0,0,0,0,0,0,0
"498",9943,9,0,0,0,0,0,0,0,0,0,0,0,0,0,0,0,0,0
"499",9945,3,0,0,0,0,0,0,0,0,0,0,0,0,0,0,0,0,0
"500",9949,2,0,0,0,0,0,0,0,0,0,0,0,0,0,0,0,0,0
"501",9951,1,0,0,0,0,0,0,0,0,0,0,0,0,0,0,0,0,0
"502",9966,3,0,0,0,0,0,0,0,0,0,0,0,0,0,0,0,0,0
"503",9968,3,0,0,0,0,0,0,0,0,0,0,0,0,0,0,0,0,0
"504",10057,8,0,0,0,0,0,0,0,0,0,0,0,0,0,0,0,0,0
"505",10062,6,0,0,0,0,0,0,0,0,0,0,0,0,0,0,0,0,0
"506",10080,9,0,0,0,0,0,0,0,0,0,0,0,0,0,0,0,0,0
"507",10081,4,0,0,0,0,0,0,0,0,0,0,0,0,0,0,0,0,0
"508",10097,5,0,0,0,0,0,0,0,0,0,0,0,0,0,0,0,0,0
"509",10120,1,0,0,0,0,0,0,0,0,0,0,0,0,0,0,0,0,0
"510",10121,10,0,0,0,0,0,0,0,0,0,0,0,0,0,0,0,0,0
"511",10126,6,0,0,0,0,0,0,0,0,0,0,0,0,0,0,0,0,0
"512",10139,7,0,0,0,0,0,0,0,0,0,0,0,0,0,0,0,0,0
"513",10147,9,0,0,0,0,0,0,0,0,0,0,0,0,0,0,0,0,0
"514",10187,5,0,0,0,0,0,0,0,0,0,0,0,0,0,0,0,0,0
"515",10199,9,0,0,0,0,0,0,0,0,0,0,0,0,0,0,0,0,0
"516",10221,8,0,0,0,0,0,0,0,0,0,0,0,0,0,0,0,0,0
"517",10246,10,0,0,0,0,0,0,0,0,0,0,0,0,0,0,0,0,0
"518",10257,9,0,0,0,0,0,0,0,0,0,0,0,0,0,0,0,0,0
"519",10264,2,0,0,0,0,0,0,0,0,0,0,0,0,0,0,0,0,0
"520",10279,5,0,0,0,0,0,0,0,0,0,0,0,0,0,0,0,0,0
"521",10293,2,0,0,0,0,0,0,0,0,0,0,0,0,0,0,0,0,0
"522",10325,4,0,0,0,0,0,0,0,0,0,0,0,0,0,0,0,0,0
"523",10328,2,0,0,0,0,0,0,0,0,0,0,0,0,0,0,0,0,0
"524",10340,9,0,0,0,0,0,0,0,0,0,0,0,0,0,0,0,0,0
"525",10342,3,0,0,0,0,0,0,0,0,0,0,0,0,0,0,0,0,0
"526",10343,5,0,0,0,0,0,0,0,0,0,0,0,0,0,0,0,0,0
"527",10392,6,0,0,0,0,0,0,0,0,0,0,0,0,0,0,0,0,0
"528",10409,5,0,0,0,0,0,0,0,0,0,0,0,0,0,0,0,0,0
"529",10419,8,0,0,0,0,0,0,0,0,0,0,0,0,0,0,0,0,0
"530",10452,3,0,0,0,0,0,0,0,0,0,0,0,0,0,0,0,0,0
"531",10484,8,0,0,0,0,0,0,0,0,0,0,0,0,0,0,0,0,0
"532",10489,8,0,0,0,0,0,0,0,0,0,0,0,0,0,0,0,0,0
"533",10499,10,0,0,0,0,0,0,0,0,0,0,0,0,0,0,0,0,0
"534",10521,5,0,0,0,0,0,0,0,0,0,0,0,0,0,0,0,0,0
"535",10529,4,0,0,0,0,0,0,0,0,0,0,0,0,0,0,0,0,0
"536",10555,3,0,0,0,0,0,0,0,0,0,0,0,0,0,0,0,0,0
"537",10567,8,0,0,0,0,0,0,0,0,0,0,0,0,0,0,0,0,0
"538",10589,8,0,0,0,0,0,0,0,0,0,0,0,0,0,0,0,0,0
"539",10592,5,0,0,0,0,0,0,0,0,0,0,0,0,0,0,0,0,0
"540",10593,2,0,0,0,0,0,0,0,0,0,0,0,0,0,0,0,0,0
"541",10598,6,0,0,0,0,0,0,0,0,0,0,0,0,0,0,0,0,0
"542",10641,2,0,0,0,0,0,0,0,0,0,0,0,0,0,0,0,0,0
"543",10680,10,0,0,0,0,0,0,0,0,0,0,0,0,0,0,0,0,0
"544",10687,6,0,0,0,0,0,0,0,0,0,0,0,0,0,0,0,0,0
"545",10833,2,0,0,0,0,0,0,0,0,0,0,0,0,0,0,0,0,0
"546",10939,5,0,0,0,0,0,0,0,0,0,0,0,0,0,0,0,0,0
"547",10947,5,0,0,0,0,0,0,0,0,0,0,0,0,0,0,0,0,0
"548",10966,2,0,0,0,0,0,0,0,0,0,0,0,0,0,0,0,0,0
"549",10973,3,0,0,0,0,0,0,0,0,0,0,0,0,0,0,0,0,0
"550",11000,8,0,0,0,0,0,0,0,0,0,0,0,0,0,0,0,0,0
"551",11007,10,0,0,0,0,0,0,0,0,0,0,0,0,0,0,0,0,0
"552",11033,3,0,0,0,0,0,0,0,0,0,0,0,0,0,0,0,0,0
"553",11075,7,0,0,0,0,0,0,0,0,0,0,0,0,0,0,0,0,0
"554",11077,7,0,0,0,0,0,0,0,0,0,0,0,0,0,0,0,0,0
"555",11078,3,0,0,0,0,0,0,0,0,0,0,0,0,0,0,0,0,0
"556",11091,7,0,0,0,0,0,0,0,0,0,0,0,0,0,0,0,0,0
"557",11179,2,0,0,0,0,0,0,0,0,0,0,0,0,0,0,0,0,0
"558",11196,2,0,0,0,0,0,0,0,0,0,0,0,0,0,0,0,0,0
"559",11215,4,0,0,0,0,0,0,0,0,0,0,0,0,0,0,0,0,0
"560",11220,4,0,0,0,0,0,0,0,0,0,0,0,0,0,0,0,0,0
"561",11321,7,0,0,0,0,0,0,0,0,0,0,0,0,0,0,0,0,0
"562",11322,2,0,0,0,0,0,0,0,0,0,0,0,0,0,0,0,0,0
"563",11398,9,0,0,0,0,0,0,0,0,0,0,0,0,0,0,0,0,0
"564",11460,10,0,0,0,0,0,0,0,0,0,0,0,0,0,0,0,0,0
"565",11512,6,0,0,0,0,0,0,0,0,0,0,0,0,0,0,0,0,0
"566",11608,3,0,0,0,0,0,0,0,0,0,0,0,0,0,0,0,0,0
"567",11609,6,0,0,0,0,0,0,0,0,0,0,0,0,0,0,0,0,0
"568",11647,3,0,0,0,0,0,0,0,0,0,0,0,0,0,0,0,0,0
"569",11651,3,0,0,0,0,0,0,0,0,0,0,0,0,0,0,0,0,0
"570",11698,5,0,0,0,0,0,0,0,0,0,0,0,0,0,0,0,0,0
"571",11718,1,0,0,0,0,0,0,0,0,0,0,0,0,0,0,0,0,0
"572",11732,7,0,0,0,0,0,0,0,0,0,0,0,0,0,0,0,0,0
"573",11826,8,0,0,0,0,0,0,0,0,0,0,0,0,0,0,0,0,0
"574",11889,9,0,0,0,0,0,0,0,0,0,0,0,0,0,0,0,0,0
"575",11923,9,0,0,0,0,0,0,0,0,0,0,0,0,0,0,0,0,0
"576",11945,8,0,0,0,0,0,0,0,0,0,0,0,0,0,0,0,0,0
"577",11979,3,0,0,0,0,0,0,0,0,0,0,0,0,0,0,0,0,0
"578",12004,10,0,0,0,0,0,0,0,0,0,0,0,0,0,0,0,0,0
"579",12042,2,0,0,0,0,0,0,0,0,0,0,0,0,0,0,0,0,0
"580",12060,7,0,0,0,0,0,0,0,0,0,0,0,0,0,0,0,0,0
"581",12063,1,0,0,0,0,0,0,0,0,0,0,0,0,0,0,0,0,0
"582",12079,2,0,0,0,0,0,0,0,0,0,0,0,0,0,0,0,0,0
"583",12082,9,0,0,0,0,0,0,0,0,0,0,0,0,0,0,0,0,0
"584",12091,3,0,0,0,0,0,0,0,0,0,0,0,0,0,0,0,0,0
"585",12117,10,0,0,0,0,0,0,0,0,0,0,0,0,0,0,0,0,0
"586",12133,8,0,0,0,0,0,0,0,0,0,0,0,0,0,0,0,0,0
"587",12134,8,0,0,0,0,0,0,0,0,0,0,0,0,0,0,0,0,0
"588",12154,5,0,0,0,0,0,0,0,0,0,0,0,0,0,0,0,0,0
"589",12185,3,0,0,0,0,0,0,0,0,0,0,0,0,0,0,0,0,0
"590",12236,4,0,0,0,0,0,0,0,0,0,0,0,0,0,0,0,0,0
"591",12278,1,0,0,0,0,0,0,0,0,0,0,0,0,0,0,0,0,0
"592",12280,8,0,0,0,0,0,0,0,0,0,0,0,0,0,0,0,0,0
"593",12308,3,0,0,0,0,0,0,0,0,0,0,0,0,0,0,0,0,0
"594",12394,9,0,0,0,0,0,0,0,0,0,0,0,0,0,0,0,0,0
"595",12403,8,0,0,0,0,0,0,0,0,0,0,0,0,0,0,0,0,0
"596",12433,10,0,0,0,0,0,0,0,0,0,0,0,0,0,0,0,0,0
"597",12476,7,0,0,0,0,0,0,0,0,0,0,0,0,0,0,0,0,0
"598",12480,10,0,0,0,0,0,0,0,0,0,0,0,0,0,0,0,0,0
"599",12494,3,0,0,0,0,0,0,0,0,0,0,0,0,0,0,0,0,0
"600",12496,5,0,0,0,0,0,0,0,0,0,0,0,0,0,0,0,0,0
"601",12502,4,0,0,0,0,0,0,0,0,0,0,0,0,0,0,0,0,0
"602",12511,2,0,0,0,0,0,0,0,0,0,0,0,0,0,0,0,0,0
"603",12545,10,0,0,0,0,0,0,0,0,0,0,0,0,0,0,0,0,0
"604",12580,7,0,0,0,0,0,0,0,0,0,0,0,0,0,0,0,0,0
"605",12584,9,0,0,0,0,0,0,0,0,0,0,0,0,0,0,0,0,0
"606",12587,6,0,0,0,0,0,0,0,0,0,0,0,0,0,0,0,0,0
"607",12589,8,0,0,0,0,0,0,0,0,0,0,0,0,0,0,0,0,0
"608",12600,5,0,0,0,0,0,0,0,0,0,0,0,0,0,0,0,0,0
"609",12606,3,0,0,0,0,0,0,0,0,0,0,0,0,0,0,0,0,0
"610",12611,7,0,0,0,0,0,0,0,0,0,0,0,0,0,0,0,0,0
"611",12616,1,0,0,0,0,0,0,0,0,0,0,0,0,0,0,0,0,0
"612",12660,5,0,0,0,0,0,0,0,0,0,0,0,0,0,0,0,0,0
"613",12663,2,0,0,0,0,0,0,0,0,0,0,0,0,0,0,0,0,0
"614",12674,9,0,0,0,0,0,0,0,0,0,0,0,0,0,0,0,0,0
"615",12675,1,0,0,0,0,0,0,0,0,0,0,0,0,0,0,0,0,0
"616",12764,8,0,0,0,0,0,0,0,0,0,0,0,0,0,0,0,0,0
"617",12831,2,0,0,0,0,0,0,0,0,0,0,0,0,0,0,0,0,0
"618",12858,3,0,0,0,0,0,0,0,0,0,0,0,0,0,0,0,0,0
"619",12877,5,0,0,0,0,0,0,0,0,0,0,0,0,0,0,0,0,0
"620",12897,1,0,0,0,0,0,0,0,0,0,0,0,0,0,0,0,0,0
"621",12904,6,0,0,0,0,0,0,0,0,0,0,0,0,0,0,0,0,0
"622",12905,1,0,0,0,0,0,0,0,0,0,0,0,0,0,0,0,0,0
"623",12927,6,0,0,0,0,0,0,0,0,0,0,0,0,0,0,0,0,0
"624",12930,4,0,0,0,0,0,0,0,0,0,0,0,0,0,0,0,0,0
"625",12943,7,0,0,0,0,0,0,0,0,0,0,0,0,0,0,0,0,0
"626",12948,1,0,0,0,0,0,0,0,0,0,0,0,0,0,0,0,0,0
"627",12979,4,0,0,0,0,0,0,0,0,0,0,0,0,0,0,0,0,0
"628",12985,6,0,0,0,0,0,0,0,0,0,0,0,0,0,0,0,0,0
"629",13013,10,0,0,0,0,0,0,0,0,0,0,0,0,0,0,0,0,0
"630",13021,5,0,0,0,0,0,0,0,0,0,0,0,0,0,0,0,0,0
"631",13064,7,0,0,0,0,0,0,0,0,0,0,0,0,0,0,0,0,0
"632",13094,8,0,0,0,0,0,0,0,0,0,0,0,0,0,0,0,0,0
"633",13153,4,0,0,0,0,0,0,0,0,0,0,0,0,0,0,0,0,0
"634",13225,2,0,0,0,0,0,0,0,0,0,0,0,0,0,0,0,0,0
"635",13243,10,0,0,0,0,0,0,0,0,0,0,0,0,0,0,0,0,0
"636",13254,6,0,0,0,0,0,0,0,0,0,0,0,0,0,0,0,0,0
"637",13295,6,0,0,0,0,0,0,0,0,0,0,0,0,0,0,0,0,0
"638",13310,8,0,0,0,0,0,0,0,0,0,0,0,0,0,0,0,0,0
"639",13313,1,0,0,0,0,0,0,0,0,0,0,0,0,0,0,0,0,0
"640",13354,4,0,0,0,0,0,0,0,0,0,0,0,0,0,0,0,0,0
"641",13355,10,0,0,0,0,0,0,0,0,0,0,0,0,0,0,0,0,0
"642",13391,2,0,0,0,0,0,0,0,0,0,0,0,0,0,0,0,0,0
"643",13442,2,0,0,0,0,0,0,0,0,0,0,0,0,0,0,0,0,0
"644",13455,7,0,0,0,0,0,0,0,0,0,0,0,0,0,0,0,0,0
"645",13474,1,0,0,0,0,0,0,0,0,0,0,0,0,0,0,0,0,0
"646",13495,5,0,0,0,0,0,0,0,0,0,0,0,0,0,0,0,0,0
"647",13496,2,0,0,0,0,0,0,0,0,0,0,0,0,0,0,0,0,0
"648",13503,10,0,0,0,0,0,0,0,0,0,0,0,0,0,0,0,0,0
"649",13515,10,0,0,0,0,0,0,0,0,0,0,0,0,0,0,0,0,0
"650",13521,7,0,0,0,0,0,0,0,0,0,0,0,0,0,0,0,0,0
"651",13525,7,0,0,0,0,0,0,0,0,0,0,0,0,0,0,0,0,0
"652",13566,4,0,0,0,0,0,0,0,0,0,0,0,0,0,0,0,0,0
"653",13581,2,0,0,0,0,0,0,0,0,0,0,0,0,0,0,0,0,0
"654",13597,9,0,0,0,0,0,0,0,0,0,0,0,0,0,0,0,0,0
"655",13608,6,0,0,0,0,0,0,0,0,0,0,0,0,0,0,0,0,0
"656",13655,2,0,0,0,0,0,0,0,0,0,0,0,0,0,0,0,0,0
"657",13659,7,0,0,0,0,0,0,0,0,0,0,0,0,0,0,0,0,0
"658",13670,6,0,0,0,0,0,0,0,0,0,0,0,0,0,0,0,0,0
"659",13674,4,0,0,0,0,0,0,0,0,0,0,0,0,0,0,0,0,0
"660",13685,10,0,0,0,0,0,0,0,0,0,0,0,0,0,0,0,0,0
"661",13799,5,0,0,0,0,0,0,0,0,0,0,0,0,0,0,0,0,0
"662",13840,10,0,0,0,0,0,0,0,0,0,0,0,0,0,0,0,0,0
"663",13897,3,0,0,0,0,0,0,0,0,0,0,0,0,0,0,0,0,0
"664",13917,10,0,0,0,0,0,0,0,0,0,0,0,0,0,0,0,0,0
"665",13920,4,0,0,0,0,0,0,0,0,0,0,0,0,0,0,0,0,0
"666",13930,10,0,0,0,0,0,0,0,0,0,0,0,0,0,0,0,0,0
"667",13940,5,0,0,0,0,0,0,0,0,0,0,0,0,0,0,0,0,0
"668",13944,10,0,0,0,0,0,0,0,0,0,0,0,0,0,0,0,0,0
"669",13952,2,0,0,0,0,0,0,0,0,0,0,0,0,0,0,0,0,0
"670",13956,3,0,0,0,0,0,0,0,0,0,0,0,0,0,0,0,0,0
"671",13968,4,0,0,0,0,0,0,0,0,0,0,0,0,0,0,0,0,0
"672",13975,4,0,0,0,0,0,0,0,0,0,0,0,0,0,0,0,0,0
"673",14023,3,0,0,0,0,0,0,0,0,0,0,0,0,0,0,0,0,0
"674",14091,10,0,0,0,0,0,0,0,0,0,0,0,0,0,0,0,0,0
"675",14117,2,0,0,0,0,0,0,0,0,0,0,0,0,0,0,0,0,0
"676",14198,6,0,0,0,0,0,0,0,0,0,0,0,0,0,0,0,0,0
"677",14223,4,0,0,0,0,0,0,0,0,0,0,0,0,0,0,0,0,0
"678",14235,9,0,0,0,0,0,0,0,0,0,0,0,0,0,0,0,0,0
"679",14237,3,0,0,0,0,0,0,0,0,0,0,0,0,0,0,0,0,0
"680",14242,5,0,0,0,0,0,0,0,0,0,0,0,0,0,0,0,0,0
"681",14252,6,0,0,0,0,0,0,0,0,0,0,0,0,0,0,0,0,0
"682",14272,6,0,0,0,0,0,0,0,0,0,0,0,0,0,0,0,0,0
"683",14284,8,0,0,0,0,0,0,0,0,0,0,0,0,0,0,0,0,0
"684",14288,7,0,0,0,0,0,0,0,0,0,0,0,0,0,0,0,0,0
"685",14307,2,0,0,0,0,0,0,0,0,0,0,0,0,0,0,0,0,0
"686",14310,4,0,0,0,0,0,0,0,0,0,0,0,0,0,0,0,0,0
"687",14330,6,0,0,0,0,0,0,0,0,0,0,0,0,0,0,0,0,0
"688",14340,9,0,0,0,0,0,0,0,0,0,0,0,0,0,0,0,0,0
"689",14352,3,0,0,0,0,0,0,0,0,0,0,0,0,0,0,0,0,0
"690",14358,1,0,0,0,0,0,0,0,0,0,0,0,0,0,0,0,0,0
"691",14363,9,0,0,0,0,0,0,0,0,0,0,0,0,0,0,0,0,0
"692",14375,5,0,0,0,0,0,0,0,0,0,0,0,0,0,0,0,0,0
"693",14385,3,0,0,0,0,0,0,0,0,0,0,0,0,0,0,0,0,0
"694",14408,5,0,0,0,0,0,0,0,0,0,0,0,0,0,0,0,0,0
"695",14426,2,0,0,0,0,0,0,0,0,0,0,0,0,0,0,0,0,0
"696",14444,8,0,0,0,0,0,0,0,0,0,0,0,0,0,0,0,0,0
"697",14486,8,0,0,0,0,0,0,0,0,0,0,0,0,0,0,0,0,0
"698",14488,5,0,0,0,0,0,0,0,0,0,0,0,0,0,0,0,0,0
"699",14490,6,0,0,0,0,0,0,0,0,0,0,0,0,0,0,0,0,0
"700",14525,5,0,0,0,0,0,0,0,0,0,0,0,0,0,0,0,0,0
"701",14528,8,0,0,0,0,0,0,0,0,0,0,0,0,0,0,0,0,0
"702",14552,2,0,0,0,0,0,0,0,0,0,0,0,0,0,0,0,0,0
"703",14563,10,0,0,0,0,0,0,0,0,0,0,0,0,0,0,0,0,0
"704",14566,8,0,0,0,0,0,0,0,0,0,0,0,0,0,0,0,0,0
"705",14618,2,0,0,0,0,0,0,0,0,0,0,0,0,0,0,0,0,0
"706",14628,8,0,0,0,0,0,0,0,0,0,0,0,0,0,0,0,0,0
"707",14733,2,0,0,0,0,0,0,0,0,0,0,0,0,0,0,0,0,0
"708",14739,10,0,0,0,0,0,0,0,0,0,0,0,0,0,0,0,0,0
"709",14755,7,0,0,0,0,0,0,0,0,0,0,0,0,0,0,0,0,0
"710",14764,1,0,0,0,0,0,0,0,0,0,0,0,0,0,0,0,0,0
"711",14778,5,0,0,0,0,0,0,0,0,0,0,0,0,0,0,0,0,0
"712",14782,2,0,0,0,0,0,0,0,0,0,0,0,0,0,0,0,0,0
"713",14811,2,0,0,0,0,0,0,0,0,0,0,0,0,0,0,0,0,0
"714",14817,7,0,0,0,0,0,0,0,0,0,0,0,0,0,0,0,0,0
"715",14867,5,0,0,0,0,0,0,0,0,0,0,0,0,0,0,0,0,0
"716",14873,8,0,0,0,0,0,0,0,0,0,0,0,0,0,0,0,0,0
"717",14876,3,0,0,0,0,0,0,0,0,0,0,0,0,0,0,0,0,0
"718",14887,7,0,0,0,0,0,0,0,0,0,0,0,0,0,0,0,0,0
"719",14918,10,0,0,0,0,0,0,0,0,0,0,0,0,0,0,0,0,0
"720",14931,10,0,0,0,0,0,0,0,0,0,0,0,0,0,0,0,0,0
"721",14950,5,0,0,0,0,0,0,0,0,0,0,0,0,0,0,0,0,0
"722",14965,7,0,0,0,0,0,0,0,0,0,0,0,0,0,0,0,0,0
"723",14968,10,0,0,0,0,0,0,0,0,0,0,0,0,0,0,0,0,0
"724",14979,6,0,0,0,0,0,0,0,0,0,0,0,0,0,0,0,0,0
"725",14983,10,0,0,0,0,0,0,0,0,0,0,0,0,0,0,0,0,0
"726",14992,2,0,0,0,0,0,0,0,0,0,0,0,0,0,0,0,0,0
"727",15001,6,0,0,0,0,0,0,0,0,0,0,0,0,0,0,0,0,0
"728",15011,4,0,0,0,0,0,0,0,0,0,0,0,0,0,0,0,0,0
"729",15029,7,0,0,0,0,0,0,0,0,0,0,0,0,0,0,0,0,0
"730",15059,1,0,0,0,0,0,0,0,0,0,0,0,0,0,0,0,0,0
"731",15080,7,0,0,0,0,0,0,0,0,0,0,0,0,0,0,0,0,0
"732",15097,9,0,0,0,0,0,0,0,0,0,0,0,0,0,0,0,0,0
"733",15126,6,0,0,0,0,0,0,0,0,0,0,0,0,0,0,0,0,0
"734",15130,10,0,0,0,0,0,0,0,0,0,0,0,0,0,0,0,0,0
"735",15141,10,0,0,0,0,0,0,0,0,0,0,0,0,0,0,0,0,0
"736",15150,1,0,0,0,0,0,0,0,0,0,0,0,0,0,0,0,0,0
"737",15187,8,0,0,0,0,0,0,0,0,0,0,0,0,0,0,0,0,0
"738",15188,4,0,0,0,0,0,0,0,0,0,0,0,0,0,0,0,0,0
"739",15207,5,0,0,0,0,0,0,0,0,0,0,0,0,0,0,0,0,0
"740",15213,2,0,0,0,0,0,0,0,0,0,0,0,0,0,0,0,0,0
"741",15257,6,0,0,0,0,0,0,0,0,0,0,0,0,0,0,0,0,0
"742",15275,4,0,0,0,0,0,0,0,0,0,0,0,0,0,0,0,0,0
"743",15277,8,0,0,0,0,0,0,0,0,0,0,0,0,0,0,0,0,0
"744",15306,5,0,0,0,0,0,0,0,0,0,0,0,0,0,0,0,0,0
"745",15315,6,0,0,0,0,0,0,0,0,0,0,0,0,0,0,0,0,0
"746",15326,9,0,0,0,0,0,0,0,0,0,0,0,0,0,0,0,0,0
"747",15343,9,0,0,0,0,0,0,0,0,0,0,0,0,0,0,0,0,0
"748",15353,3,0,0,0,0,0,0,0,0,0,0,0,0,0,0,0,0,0
"749",15358,6,0,0,0,0,0,0,0,0,0,0,0,0,0,0,0,0,0
"750",15368,5,0,0,0,0,0,0,0,0,0,0,0,0,0,0,0,0,0
"751",15382,5,0,0,0,0,0,0,0,0,0,0,0,0,0,0,0,0,0
"752",15383,1,0,0,0,0,0,0,0,0,0,0,0,0,0,0,0,0,0
"753",15386,9,0,0,0,0,0,0,0,0,0,0,0,0,0,0,0,0,0
"754",15440,7,0,0,0,0,0,0,0,0,0,0,0,0,0,0,0,0,0
"755",15451,3,0,0,0,0,0,0,0,0,0,0,0,0,0,0,0,0,0
"756",15453,8,0,0,0,0,0,0,0,0,0,0,0,0,0,0,0,0,0
"757",15462,10,0,0,0,0,0,0,0,0,0,0,0,0,0,0,0,0,0
"758",15470,7,0,0,0,0,0,0,0,0,0,0,0,0,0,0,0,0,0
"759",15484,6,0,0,0,0,0,0,0,0,0,0,0,0,0,0,0,0,0
"760",15496,6,0,0,0,0,0,0,0,0,0,0,0,0,0,0,0,0,0
"761",15501,4,0,0,0,0,0,0,0,0,0,0,0,0,0,0,0,0,0
"762",15502,9,0,0,0,0,0,0,0,0,0,0,0,0,0,0,0,0,0
"763",15512,9,0,0,0,0,0,0,0,0,0,0,0,0,0,0,0,0,0
"764",15513,1,0,0,0,0,0,0,0,0,0,0,0,0,0,0,0,0,0
"765",15530,9,0,0,0,0,0,0,0,0,0,0,0,0,0,0,0,0,0
"766",15551,9,0,0,0,0,0,0,0,0,0,0,0,0,0,0,0,0,0
"767",15561,10,0,0,0,0,0,0,0,0,0,0,0,0,0,0,0,0,0
"768",15572,4,0,0,0,0,0,0,0,0,0,0,0,0,0,0,0,0,0
"769",15580,3,0,0,0,0,0,0,0,0,0,0,0,0,0,0,0,0,0
"770",15585,5,0,0,0,0,0,0,0,0,0,0,0,0,0,0,0,0,0
"771",15607,6,0,0,0,0,0,0,0,0,0,0,0,0,0,0,0,0,0
"772",15618,6,0,0,0,0,0,0,0,0,0,0,0,0,0,0,0,0,0
"773",15619,1,0,0,0,0,0,0,0,0,0,0,0,0,0,0,0,0,0
"774",15622,7,0,0,0,0,0,0,0,0,0,0,0,0,0,0,0,0,0
"775",15628,2,0,0,0,0,0,0,0,0,0,0,0,0,0,0,0,0,0
"776",15655,2,0,0,0,0,0,0,0,0,0,0,0,0,0,0,0,0,0
"777",15683,10,0,0,0,0,0,0,0,0,0,0,0,0,0,0,0,0,0
"778",15687,9,0,0,0,0,0,0,0,0,0,0,0,0,0,0,0,0,0
"779",15688,9,0,0,0,0,0,0,0,0,0,0,0,0,0,0,0,0,0
"780",15693,1,0,0,0,0,0,0,0,0,0,0,0,0,0,0,0,0,0
"781",15700,5,0,0,0,0,0,0,0,0,0,0,0,0,0,0,0,0,0
"782",15720,8,0,0,0,0,0,0,0,0,0,0,0,0,0,0,0,0,0
"783",15762,10,0,0,0,0,0,0,0,0,0,0,0,0,0,0,0,0,0
"784",15779,1,0,0,0,0,0,0,0,0,0,0,0,0,0,0,0,0,0
"785",15782,2,0,0,0,0,0,0,0,0,0,0,0,0,0,0,0,0,0
"786",15783,4,0,0,0,0,0,0,0,0,0,0,0,0,0,0,0,0,0
"787",15784,3,0,0,0,0,0,0,0,0,0,0,0,0,0,0,0,0,0
"788",15791,4,0,0,0,0,0,0,0,0,0,0,0,0,0,0,0,0,0
"789",15816,5,0,0,0,0,0,0,0,0,0,0,0,0,0,0,0,0,0
"790",15882,1,0,0,0,0,0,0,0,0,0,0,0,0,0,0,0,0,0
"791",15908,2,0,0,0,0,0,0,0,0,0,0,0,0,0,0,0,0,0
"792",15930,6,0,0,0,0,0,0,0,0,0,0,0,0,0,0,0,0,0
"793",15959,8,0,0,0,0,0,0,0,0,0,0,0,0,0,0,0,0,0
"794",15973,7,0,0,0,0,0,0,0,0,0,0,0,0,0,0,0,0,0
"795",15994,5,0,0,0,0,0,0,0,0,0,0,0,0,0,0,0,0,0
"796",15998,5,0,0,0,0,0,0,0,0,0,0,0,0,0,0,0,0,0
"797",16014,4,0,0,0,0,0,0,0,0,0,0,0,0,0,0,0,0,0
"798",16016,6,0,0,0,0,0,0,0,0,0,0,0,0,0,0,0,0,0
"799",16021,4,0,0,0,0,0,0,0,0,0,0,0,0,0,0,0,0,0
"800",16025,3,0,0,0,0,0,0,0,0,0,0,0,0,0,0,0,0,0
"801",16041,10,0,0,0,0,0,0,0,0,0,0,0,0,0,0,0,0,0
"802",16049,3,0,0,0,0,0,0,0,0,0,0,0,0,0,0,0,0,0
"803",16059,8,0,0,0,0,0,0,0,0,0,0,0,0,0,0,0,0,0
"804",16098,2,0,0,0,0,0,0,0,0,0,0,0,0,0,0,0,0,0
"805",16119,2,0,0,0,0,0,0,0,0,0,0,0,0,0,0,0,0,0
"806",16175,1,0,0,0,0,0,0,0,0,0,0,0,0,0,0,0,0,0
"807",16177,5,0,0,0,0,0,0,0,0,0,0,0,0,0,0,0,0,0
"808",16178,6,0,0,0,0,0,0,0,0,0,0,0,0,0,0,0,0,0
"809",16187,2,0,0,0,0,0,0,0,0,0,0,0,0,0,0,0,0,0
"810",16188,10,0,0,0,0,0,0,0,0,0,0,0,0,0,0,0,0,0
"811",16215,4,0,0,0,0,0,0,0,0,0,0,0,0,0,0,0,0,0
"812",16218,2,0,0,0,0,0,0,0,0,0,0,0,0,0,0,0,0,0
"813",16227,6,0,0,0,0,0,0,0,0,0,0,0,0,0,0,0,0,0
"814",16264,9,0,0,0,0,0,0,0,0,0,0,0,0,0,0,0,0,0
"815",16269,9,0,0,0,0,0,0,0,0,0,0,0,0,0,0,0,0,0
"816",16322,6,0,0,0,0,0,0,0,0,0,0,0,0,0,0,0,0,0
"817",16360,3,0,0,0,0,0,0,0,0,0,0,0,0,0,0,0,0,0
"818",16364,1,0,0,0,0,0,0,0,0,0,0,0,0,0,0,0,0,0
"819",16365,9,0,0,0,0,0,0,0,0,0,0,0,0,0,0,0,0,0
"820",16373,7,0,0,0,0,0,0,0,0,0,0,0,0,0,0,0,0,0
"821",16387,6,0,0,0,0,0,0,0,0,0,0,0,0,0,0,0,0,0
"822",16397,4,0,0,0,0,0,0,0,0,0,0,0,0,0,0,0,0,0
"823",16434,5,0,0,0,0,0,0,0,0,0,0,0,0,0,0,0,0,0
"824",16441,9,0,0,0,0,0,0,0,0,0,0,0,0,0,0,0,0,0
"825",16449,6,0,0,0,0,0,0,0,0,0,0,0,0,0,0,0,0,0
"826",16457,2,0,0,0,0,0,0,0,0,0,0,0,0,0,0,0,0,0
"827",16484,8,0,0,0,0,0,0,0,0,0,0,0,0,0,0,0,0,0
"828",16487,1,0,0,0,0,0,0,0,0,0,0,0,0,0,0,0,0,0
"829",16495,5,0,0,0,0,0,0,0,0,0,0,0,0,0,0,0,0,0
"830",16496,9,0,0,0,0,0,0,0,0,0,0,0,0,0,0,0,0,0
"831",16506,7,0,0,0,0,0,0,0,0,0,0,0,0,0,0,0,0,0
"832",16534,1,0,0,0,0,0,0,0,0,0,0,0,0,0,0,0,0,0
"833",16535,8,0,0,0,0,0,0,0,0,0,0,0,0,0,0,0,0,0
"834",16542,3,0,0,0,0,0,0,0,0,0,0,0,0,0,0,0,0,0
"835",16549,8,0,0,0,0,0,0,0,0,0,0,0,0,0,0,0,0,0
"836",16552,6,0,0,0,0,0,0,0,0,0,0,0,0,0,0,0,0,0
"837",16564,8,0,0,0,0,0,0,0,0,0,0,0,0,0,0,0,0,0
"838",16579,10,0,0,0,0,0,0,0,0,0,0,0,0,0,0,0,0,0
"839",16581,4,0,0,0,0,0,0,0,0,0,0,0,0,0,0,0,0,0
"840",16618,4,0,0,0,0,0,0,0,0,0,0,0,0,0,0,0,0,0
"841",16655,2,0,0,0,0,0,0,0,0,0,0,0,0,0,0,0,0,0
"842",16659,4,0,0,0,0,0,0,0,0,0,0,0,0,0,0,0,0,0
"843",16662,10,0,0,0,0,0,0,0,0,0,0,0,0,0,0,0,0,0
"844",16684,10,0,0,0,0,0,0,0,0,0,0,0,0,0,0,0,0,0
"845",16687,9,0,0,0,0,0,0,0,0,0,0,0,0,0,0,0,0,0
"846",16758,5,0,0,0,0,0,0,0,0,0,0,0,0,0,0,0,0,0
"847",16767,3,0,0,0,0,0,0,0,0,0,0,0,0,0,0,0,0,0
"848",16779,10,0,0,0,0,0,0,0,0,0,0,0,0,0,0,0,0,0
"849",16817,3,0,0,0,0,0,0,0,0,0,0,0,0,0,0,0,0,0
"850",16828,9,0,0,0,0,0,0,0,0,0,0,0,0,0,0,0,0,0
"851",16848,1,0,0,0,0,0,0,0,0,0,0,0,0,0,0,0,0,0
"852",16862,7,0,0,0,0,0,0,0,0,0,0,0,0,0,0,0,0,0
"853",16899,2,0,0,0,0,0,0,0,0,0,0,0,0,0,0,0,0,0
"854",16914,9,0,0,0,0,0,0,0,0,0,0,0,0,0,0,0,0,0
"855",16929,10,0,0,0,0,0,0,0,0,0,0,0,0,0,0,0,0,0
"856",16956,3,0,0,0,0,0,0,0,0,0,0,0,0,0,0,0,0,0
"857",17031,2,0,0,0,0,0,0,0,0,0,0,0,0,0,0,0,0,0
"858",17037,8,0,0,0,0,0,0,0,0,0,0,0,0,0,0,0,0,0
"859",17042,4,0,0,0,0,0,0,0,0,0,0,0,0,0,0,0,0,0
"860",17051,7,0,0,0,0,0,0,0,0,0,0,0,0,0,0,0,0,0
"861",17064,1,0,0,0,0,0,0,0,0,0,0,0,0,0,0,0,0,0
"862",17067,8,0,0,0,0,0,0,0,0,0,0,0,0,0,0,0,0,0
"863",17100,8,0,0,0,0,0,0,0,0,0,0,0,0,0,0,0,0,0
"864",17120,7,0,0,0,0,0,0,0,0,0,0,0,0,0,0,0,0,0
"865",17134,8,0,0,0,0,0,0,0,0,0,0,0,0,0,0,0,0,0
"866",17138,9,0,0,0,0,0,0,0,0,0,0,0,0,0,0,0,0,0
"867",17151,7,0,0,0,0,0,0,0,0,0,0,0,0,0,0,0,0,0
"868",17152,2,0,0,0,0,0,0,0,0,0,0,0,0,0,0,0,0,0
"869",17154,2,0,0,0,0,0,0,0,0,0,0,0,0,0,0,0,0,0
"870",17170,3,0,0,0,0,0,0,0,0,0,0,0,0,0,0,0,0,0
"871",17187,6,0,0,0,0,0,0,0,0,0,0,0,0,0,0,0,0,0
"872",17192,5,0,0,0,0,0,0,0,0,0,0,0,0,0,0,0,0,0
"873",17205,3,0,0,0,0,0,0,0,0,0,0,0,0,0,0,0,0,0
"874",17216,2,0,0,0,0,0,0,0,0,0,0,0,0,0,0,0,0,0
"875",17222,6,0,0,0,0,0,0,0,0,0,0,0,0,0,0,0,0,0
"876",17225,10,0,0,0,0,0,0,0,0,0,0,0,0,0,0,0,0,0
"877",17230,4,0,0,0,0,0,0,0,0,0,0,0,0,0,0,0,0,0
"878",17236,5,0,0,0,0,0,0,0,0,0,0,0,0,0,0,0,0,0
"879",17275,3,0,0,0,0,0,0,0,0,0,0,0,0,0,0,0,0,0
"880",17298,8,0,0,0,0,0,0,0,0,0,0,0,0,0,0,0,0,0
"881",17300,2,0,0,0,0,0,0,0,0,0,0,0,0,0,0,0,0,0
"882",17307,5,0,0,0,0,0,0,0,0,0,0,0,0,0,0,0,0,0
"883",17321,6,0,0,0,0,0,0,0,0,0,0,0,0,0,0,0,0,0
"884",17327,1,0,0,0,0,0,0,0,0,0,0,0,0,0,0,0,0,0
"885",17339,1,0,0,0,0,0,0,0,0,0,0,0,0,0,0,0,0,0
"886",17362,8,0,0,0,0,0,0,0,0,0,0,0,0,0,0,0,0,0
"887",17391,10,0,0,0,0,0,0,0,0,0,0,0,0,0,0,0,0,0
"888",17400,9,0,0,0,0,0,0,0,0,0,0,0,0,0,0,0,0,0
"889",17436,8,0,0,0,0,0,0,0,0,0,0,0,0,0,0,0,0,0
"890",17446,5,0,0,0,0,0,0,0,0,0,0,0,0,0,0,0,0,0
"891",17455,7,0,0,0,0,0,0,0,0,0,0,0,0,0,0,0,0,0
"892",17466,2,0,0,0,0,0,0,0,0,0,0,0,0,0,0,0,0,0
"893",17470,1,0,0,0,0,0,0,0,0,0,0,0,0,0,0,0,0,0
"894",17484,3,0,0,0,0,0,0,0,0,0,0,0,0,0,0,0,0,0
"895",17485,4,0,0,0,0,0,0,0,0,0,0,0,0,0,0,0,0,0
"896",17490,6,0,0,0,0,0,0,0,0,0,0,0,0,0,0,0,0,0
"897",17494,1,0,0,0,0,0,0,0,0,0,0,0,0,0,0,0,0,0
"898",17519,3,0,0,0,0,0,0,0,0,0,0,0,0,0,0,0,0,0
"899",17523,4,0,0,0,0,0,0,0,0,0,0,0,0,0,0,0,0,0
"900",17561,1,0,0,0,0,0,0,0,0,0,0,0,0,0,0,0,0,0
"901",17564,8,0,0,0,0,0,0,0,0,0,0,0,0,0,0,0,0,0
"902",17606,9,0,0,0,0,0,0,0,0,0,0,0,0,0,0,0,0,0
"903",17630,3,0,0,0,0,0,0,0,0,0,0,0,0,0,0,0,0,0
"904",17638,10,0,0,0,0,0,0,0,0,0,0,0,0,0,0,0,0,0
"905",17640,3,0,0,0,0,0,0,0,0,0,0,0,0,0,0,0,0,0
"906",17652,10,0,0,0,0,0,0,0,0,0,0,0,0,0,0,0,0,0
"907",17698,5,0,0,0,0,0,0,0,0,0,0,0,0,0,0,0,0,0
"908",17721,9,0,0,0,0,0,0,0,0,0,0,0,0,0,0,0,0,0
"909",17728,2,0,0,0,0,0,0,0,0,0,0,0,0,0,0,0,0,0
"910",17732,1,0,0,0,0,0,0,0,0,0,0,0,0,0,0,0,0,0
"911",17766,5,0,0,0,0,0,0,0,0,0,0,0,0,0,0,0,0,0
"912",17770,6,0,0,0,0,0,0,0,0,0,0,0,0,0,0,0,0,0
"913",17825,9,0,0,0,0,0,0,0,0,0,0,0,0,0,0,0,0,0
"914",17842,4,0,0,0,0,0,0,0,0,0,0,0,0,0,0,0,0,0
"915",17845,8,0,0,0,0,0,0,0,0,0,0,0,0,0,0,0,0,0
"916",17852,6,0,0,0,0,0,0,0,0,0,0,0,0,0,0,0,0,0
"917",17871,7,0,0,0,0,0,0,0,0,0,0,0,0,0,0,0,0,0
"918",17872,5,0,0,0,0,0,0,0,0,0,0,0,0,0,0,0,0,0
"919",17874,4,0,0,0,0,0,0,0,0,0,0,0,0,0,0,0,0,0
"920",17875,7,0,0,0,0,0,0,0,0,0,0,0,0,0,0,0,0,0
"921",17884,5,0,0,0,0,0,0,0,0,0,0,0,0,0,0,0,0,0
"922",17892,6,0,0,0,0,0,0,0,0,0,0,0,0,0,0,0,0,0
"923",17894,3,0,0,0,0,0,0,0,0,0,0,0,0,0,0,0,0,0
"924",17941,8,0,0,0,0,0,0,0,0,0,0,0,0,0,0,0,0,0
"925",17990,10,0,0,0,0,0,0,0,0,0,0,0,0,0,0,0,0,0
"926",17991,6,0,0,0,0,0,0,0,0,0,0,0,0,0,0,0,0,0
"927",18019,10,0,0,0,0,0,0,0,0,0,0,0,0,0,0,0,0,0
"928",18073,4,0,0,0,0,0,0,0,0,0,0,0,0,0,0,0,0,0
"929",18085,10,0,0,0,0,0,0,0,0,0,0,0,0,0,0,0,0,0
"930",18091,7,0,0,0,0,0,0,0,0,0,0,0,0,0,0,0,0,0
"931",18118,5,0,0,0,0,0,0,0,0,0,0,0,0,0,0,0,0,0
"932",18161,4,0,0,0,0,0,0,0,0,0,0,0,0,0,0,0,0,0
"933",18163,5,0,0,0,0,0,0,0,0,0,0,0,0,0,0,0,0,0
"934",18185,6,0,0,0,0,0,0,0,0,0,0,0,0,0,0,0,0,0
"935",18195,6,0,0,0,0,0,0,0,0,0,0,0,0,0,0,0,0,0
"936",18212,6,0,0,0,0,0,0,0,0,0,0,0,0,0,0,0,0,0
"937",18215,3,0,0,0,0,0,0,0,0,0,0,0,0,0,0,0,0,0
"938",18223,10,0,0,0,0,0,0,0,0,0,0,0,0,0,0,0,0,0
"939",18233,7,0,0,0,0,0,0,0,0,0,0,0,0,0,0,0,0,0
"940",18242,7,0,0,0,0,0,0,0,0,0,0,0,0,0,0,0,0,0
"941",18243,4,0,0,0,0,0,0,0,0,0,0,0,0,0,0,0,0,0
"942",18252,6,0,0,0,0,0,0,0,0,0,0,0,0,0,0,0,0,0
"943",18261,1,0,0,0,0,0,0,0,0,0,0,0,0,0,0,0,0,0
"944",18270,5,0,0,0,0,0,0,0,0,0,0,0,0,0,0,0,0,0
"945",18280,2,0,0,0,0,0,0,0,0,0,0,0,0,0,0,0,0,0
"946",18286,3,0,0,0,0,0,0,0,0,0,0,0,0,0,0,0,0,0
"947",18289,6,0,0,0,0,0,0,0,0,0,0,0,0,0,0,0,0,0
"948",18321,4,0,0,0,0,0,0,0,0,0,0,0,0,0,0,0,0,0
"949",18328,10,0,0,0,0,0,0,0,0,0,0,0,0,0,0,0,0,0
"950",18329,2,0,0,0,0,0,0,0,0,0,0,0,0,0,0,0,0,0
"951",18335,10,0,0,0,0,0,0,0,0,0,0,0,0,0,0,0,0,0
"952",18339,4,0,0,0,0,0,0,0,0,0,0,0,0,0,0,0,0,0
"953",18356,3,0,0,0,0,0,0,0,0,0,0,0,0,0,0,0,0,0
"954",18362,1,0,0,0,0,0,0,0,0,0,0,0,0,0,0,0,0,0
"955",18364,3,0,0,0,0,0,0,0,0,0,0,0,0,0,0,0,0,0
"956",18376,5,0,0,0,0,0,0,0,0,0,0,0,0,0,0,0,0,0
"957",18382,2,0,0,0,0,0,0,0,0,0,0,0,0,0,0,0,0,0
"958",18403,7,0,0,0,0,0,0,0,0,0,0,0,0,0,0,0,0,0
"959",18464,7,0,0,0,0,0,0,0,0,0,0,0,0,0,0,0,0,0
"960",18488,9,0,0,0,0,0,0,0,0,0,0,0,0,0,0,0,0,0
"961",18503,5,0,0,0,0,0,0,0,0,0,0,0,0,0,0,0,0,0
"962",18513,2,0,0,0,0,0,0,0,0,0,0,0,0,0,0,0,0,0
"963",18518,3,0,0,0,0,0,0,0,0,0,0,0,0,0,0,0,0,0
"964",18520,4,0,0,0,0,0,0,0,0,0,0,0,0,0,0,0,0,0
"965",18545,5,0,0,0,0,0,0,0,0,0,0,0,0,0,0,0,0,0
"966",18546,1,0,0,0,0,0,0,0,0,0,0,0,0,0,0,0,0,0
"967",18556,2,0,0,0,0,0,0,0,0,0,0,0,0,0,0,0,0,0
"968",18559,5,0,0,0,0,0,0,0,0,0,0,0,0,0,0,0,0,0
"969",18564,10,0,0,0,0,0,0,0,0,0,0,0,0,0,0,0,0,0
"970",18574,2,0,0,0,0,0,0,0,0,0,0,0,0,0,0,0,0,0
"971",18591,3,0,0,0,0,0,0,0,0,0,0,0,0,0,0,0,0,0
"972",18598,5,0,0,0,0,0,0,0,0,0,0,0,0,0,0,0,0,0
"973",18609,10,0,0,0,0,0,0,0,0,0,0,0,0,0,0,0,0,0
"974",18614,5,0,0,0,0,0,0,0,0,0,0,0,0,0,0,0,0,0
"975",18675,2,0,0,0,0,0,0,0,0,0,0,0,0,0,0,0,0,0
"976",18694,8,0,0,0,0,0,0,0,0,0,0,0,0,0,0,0,0,0
"977",18703,8,0,0,0,0,0,0,0,0,0,0,0,0,0,0,0,0,0
"978",18717,8,0,0,0,0,0,0,0,0,0,0,0,0,0,0,0,0,0
"979",18719,4,0,0,0,0,0,0,0,0,0,0,0,0,0,0,0,0,0
"980",18722,7,0,0,0,0,0,0,0,0,0,0,0,0,0,0,0,0,0
"981",18735,9,0,0,0,0,0,0,0,0,0,0,0,0,0,0,0,0,0
"982",18742,4,0,0,0,0,0,0,0,0,0,0,0,0,0,0,0,0,0
"983",18749,2,0,0,0,0,0,0,0,0,0,0,0,0,0,0,0,0,0
"984",18750,1,0,0,0,0,0,0,0,0,0,0,0,0,0,0,0,0,0
"985",18760,6,0,0,0,0,0,0,0,0,0,0,0,0,0,0,0,0,0
"986",18766,2,0,0,0,0,0,0,0,0,0,0,0,0,0,0,0,0,0
"987",18789,4,0,0,0,0,0,0,0,0,0,0,0,0,0,0,0,0,0
"988",18801,6,0,0,0,0,0,0,0,0,0,0,0,0,0,0,0,0,0
"989",18803,7,0,0,0,0,0,0,0,0,0,0,0,0,0,0,0,0,0
"990",18831,5,0,0,0,0,0,0,0,0,0,0,0,0,0,0,0,0,0
"991",18836,8,0,0,0,0,0,0,0,0,0,0,0,0,0,0,0,0,0
"992",18843,1,0,0,0,0,0,0,0,0,0,0,0,0,0,0,0,0,0
"993",18880,6,0,0,0,0,0,0,0,0,0,0,0,0,0,0,0,0,0
"994",18897,1,0,0,0,0,0,0,0,0,0,0,0,0,0,0,0,0,0
"995",18898,9,0,0,0,0,0,0,0,0,0,0,0,0,0,0,0,0,0
"996",18927,3,0,0,0,0,0,0,0,0,0,0,0,0,0,0,0,0,0
"997",18929,4,0,0,0,0,0,0,0,0,0,0,0,0,0,0,0,0,0
"998",18949,9,0,0,0,0,0,0,0,0,0,0,0,0,0,0,0,0,0
"999",18950,4,0,0,0,0,0,0,0,0,0,0,0,0,0,0,0,0,0
"1000",18965,8,0,0,0,0,0,0,0,0,0,0,0,0,0,0,0,0,0
"1001",18985,5,0,0,0,0,0,0,0,0,0,0,0,0,0,0,0,0,0
"1002",19023,4,0,0,0,0,0,0,0,0,0,0,0,0,0,0,0,0,0
"1003",19026,2,0,0,0,0,0,0,0,0,0,0,0,0,0,0,0,0,0
"1004",19028,6,0,0,0,0,0,0,0,0,0,0,0,0,0,0,0,0,0
"1005",19029,8,0,0,0,0,0,0,0,0,0,0,0,0,0,0,0,0,0
"1006",19056,6,0,0,0,0,0,0,0,0,0,0,0,0,0,0,0,0,0
"1007",19057,3,0,0,0,0,0,0,0,0,0,0,0,0,0,0,0,0,0
"1008",19061,5,0,0,0,0,0,0,0,0,0,0,0,0,0,0,0,0,0
"1009",19073,7,0,0,0,0,0,0,0,0,0,0,0,0,0,0,0,0,0
"1010",19083,7,0,0,0,0,0,0,0,0,0,0,0,0,0,0,0,0,0
"1011",19091,5,0,0,0,0,0,0,0,0,0,0,0,0,0,0,0,0,0
"1012",19096,7,0,0,0,0,0,0,0,0,0,0,0,0,0,0,0,0,0
"1013",19106,6,0,0,0,0,0,0,0,0,0,0,0,0,0,0,0,0,0
"1014",19116,2,0,0,0,0,0,0,0,0,0,0,0,0,0,0,0,0,0
"1015",19121,8,0,0,0,0,0,0,0,0,0,0,0,0,0,0,0,0,0
"1016",19131,10,0,0,0,0,0,0,0,0,0,0,0,0,0,0,0,0,0
"1017",19167,5,0,0,0,0,0,0,0,0,0,0,0,0,0,0,0,0,0
"1018",19169,8,0,0,0,0,0,0,0,0,0,0,0,0,0,0,0,0,0
"1019",19172,1,0,0,0,0,0,0,0,0,0,0,0,0,0,0,0,0,0
"1020",19173,3,0,0,0,0,0,0,0,0,0,0,0,0,0,0,0,0,0
"1021",19174,9,0,0,0,0,0,0,0,0,0,0,0,0,0,0,0,0,0
"1022",19187,7,0,0,0,0,0,0,0,0,0,0,0,0,0,0,0,0,0
"1023",19188,1,0,0,0,0,0,0,0,0,0,0,0,0,0,0,0,0,0
"1024",19198,4,0,0,0,0,0,0,0,0,0,0,0,0,0,0,0,0,0
"1025",19202,4,0,0,0,0,0,0,0,0,0,0,0,0,0,0,0,0,0
"1026",19203,2,0,0,0,0,0,0,0,0,0,0,0,0,0,0,0,0,0
"1027",19235,1,0,0,0,0,0,0,0,0,0,0,0,0,0,0,0,0,0
"1028",19249,10,0,0,0,0,0,0,0,0,0,0,0,0,0,0,0,0,0
"1029",19276,2,0,0,0,0,0,0,0,0,0,0,0,0,0,0,0,0,0
"1030",19289,7,0,0,0,0,0,0,0,0,0,0,0,0,0,0,0,0,0
"1031",19309,7,0,0,0,0,0,0,0,0,0,0,0,0,0,0,0,0,0
"1032",19324,7,0,0,0,0,0,0,0,0,0,0,0,0,0,0,0,0,0
"1033",19325,7,0,0,0,0,0,0,0,0,0,0,0,0,0,0,0,0,0
"1034",19326,4,0,0,0,0,0,0,0,0,0,0,0,0,0,0,0,0,0
"1035",19392,3,0,0,0,0,0,0,0,0,0,0,0,0,0,0,0,0,0
"1036",19399,7,0,0,0,0,0,0,0,0,0,0,0,0,0,0,0,0,0
"1037",19414,5,0,0,0,0,0,0,0,0,0,0,0,0,0,0,0,0,0
"1038",19433,1,0,0,0,0,0,0,0,0,0,0,0,0,0,0,0,0,0
"1039",19448,8,0,0,0,0,0,0,0,0,0,0,0,0,0,0,0,0,0
"1040",19466,4,0,0,0,0,0,0,0,0,0,0,0,0,0,0,0,0,0
"1041",19467,4,0,0,0,0,0,0,0,0,0,0,0,0,0,0,0,0,0
"1042",19472,6,0,0,0,0,0,0,0,0,0,0,0,0,0,0,0,0,0
"1043",19481,5,0,0,0,0,0,0,0,0,0,0,0,0,0,0,0,0,0
"1044",19540,6,0,0,0,0,0,0,0,0,0,0,0,0,0,0,0,0,0
"1045",19553,9,0,0,0,0,0,0,0,0,0,0,0,0,0,0,0,0,0
"1046",19554,2,0,0,0,0,0,0,0,0,0,0,0,0,0,0,0,0,0
"1047",19588,7,0,0,0,0,0,0,0,0,0,0,0,0,0,0,0,0,0
"1048",19591,2,0,0,0,0,0,0,0,0,0,0,0,0,0,0,0,0,0
"1049",19611,8,0,0,0,0,0,0,0,0,0,0,0,0,0,0,0,0,0
"1050",19629,10,0,0,0,0,0,0,0,0,0,0,0,0,0,0,0,0,0
"1051",19636,7,0,0,0,0,0,0,0,0,0,0,0,0,0,0,0,0,0
"1052",19638,1,0,0,0,0,0,0,0,0,0,0,0,0,0,0,0,0,0
"1053",19683,6,0,0,0,0,0,0,0,0,0,0,0,0,0,0,0,0,0
"1054",19688,3,0,0,0,0,0,0,0,0,0,0,0,0,0,0,0,0,0
"1055",19714,2,0,0,0,0,0,0,0,0,0,0,0,0,0,0,0,0,0
"1056",19733,2,0,0,0,0,0,0,0,0,0,0,0,0,0,0,0,0,0
"1057",19744,7,0,0,0,0,0,0,0,0,0,0,0,0,0,0,0,0,0
"1058",19767,4,0,0,0,0,0,0,0,0,0,0,0,0,0,0,0,0,0
"1059",19782,7,0,0,0,0,0,0,0,0,0,0,0,0,0,0,0,0,0
"1060",19817,10,0,0,0,0,0,0,0,0,0,0,0,0,0,0,0,0,0
"1061",19822,4,0,0,0,0,0,0,0,0,0,0,0,0,0,0,0,0,0
"1062",19841,9,0,0,0,0,0,0,0,0,0,0,0,0,0,0,0,0,0
"1063",19865,8,0,0,0,0,0,0,0,0,0,0,0,0,0,0,0,0,0
"1064",19872,6,0,0,0,0,0,0,0,0,0,0,0,0,0,0,0,0,0
"1065",19880,2,0,0,0,0,0,0,0,0,0,0,0,0,0,0,0,0,0
"1066",19928,3,0,0,0,0,0,0,0,0,0,0,0,0,0,0,0,0,0
"1067",20010,8,0,0,0,0,0,0,0,0,0,0,0,0,0,0,0,0,0
"1068",20015,8,0,0,0,0,0,0,0,0,0,0,0,0,0,0,0,0,0
"1069",20022,10,0,0,0,0,0,0,0,0,0,0,0,0,0,0,0,0,0
"1070",20029,4,0,0,0,0,0,0,0,0,0,0,0,0,0,0,0,0,0
"1071",20038,3,0,0,0,0,0,0,0,0,0,0,0,0,0,0,0,0,0
"1072",20061,7,0,0,0,0,0,0,0,0,0,0,0,0,0,0,0,0,0
"1073",20063,9,0,0,0,0,0,0,0,0,0,0,0,0,0,0,0,0,0
"1074",20076,10,0,0,0,0,0,0,0,0,0,0,0,0,0,0,0,0,0
"1075",20083,1,0,0,0,0,0,0,0,0,0,0,0,0,0,0,0,0,0
"1076",20109,10,0,0,0,0,0,0,0,0,0,0,0,0,0,0,0,0,0
"1077",20115,6,0,0,0,0,0,0,0,0,0,0,0,0,0,0,0,0,0
"1078",20130,3,0,0,0,0,0,0,0,0,0,0,0,0,0,0,0,0,0
"1079",20145,8,0,0,0,0,0,0,0,0,0,0,0,0,0,0,0,0,0
"1080",20154,3,0,0,0,0,0,0,0,0,0,0,0,0,0,0,0,0,0
"1081",20179,9,0,0,0,0,0,0,0,0,0,0,0,0,0,0,0,0,0
"1082",20195,5,0,0,0,0,0,0,0,0,0,0,0,0,0,0,0,0,0
"1083",20213,9,0,0,0,0,0,0,0,0,0,0,0,0,0,0,0,0,0
"1084",20219,4,0,0,0,0,0,0,0,0,0,0,0,0,0,0,0,0,0
"1085",20231,4,0,0,0,0,0,0,0,0,0,0,0,0,0,0,0,0,0
"1086",20239,4,0,0,0,0,0,0,0,0,0,0,0,0,0,0,0,0,0
"1087",20244,9,0,0,0,0,0,0,0,0,0,0,0,0,0,0,0,0,0
"1088",20273,4,0,0,0,0,0,0,0,0,0,0,0,0,0,0,0,0,0
"1089",20288,9,0,0,0,0,0,0,0,0,0,0,0,0,0,0,0,0,0
"1090",20292,2,0,0,0,0,0,0,0,0,0,0,0,0,0,0,0,0,0
"1091",20295,4,0,0,0,0,0,0,0,0,0,0,0,0,0,0,0,0,0
"1092",20316,9,0,0,0,0,0,0,0,0,0,0,0,0,0,0,0,0,0
"1093",20318,7,0,0,0,0,0,0,0,0,0,0,0,0,0,0,0,0,0
"1094",20320,4,0,0,0,0,0,0,0,0,0,0,0,0,0,0,0,0,0
"1095",20328,6,0,0,0,0,0,0,0,0,0,0,0,0,0,0,0,0,0
"1096",20330,10,0,0,0,0,0,0,0,0,0,0,0,0,0,0,0,0,0
"1097",20337,4,0,0,0,0,0,0,0,0,0,0,0,0,0,0,0,0,0
"1098",20338,8,0,0,0,0,0,0,0,0,0,0,0,0,0,0,0,0,0
"1099",20339,9,0,0,0,0,0,0,0,0,0,0,0,0,0,0,0,0,0
"1100",20343,10,0,0,0,0,0,0,0,0,0,0,0,0,0,0,0,0,0
"1101",20360,2,0,0,0,0,0,0,0,0,0,0,0,0,0,0,0,0,0
"1102",20363,10,0,0,0,0,0,0,0,0,0,0,0,0,0,0,0,0,0
"1103",20396,6,0,0,0,0,0,0,0,0,0,0,0,0,0,0,0,0,0
"1104",20410,8,0,0,0,0,0,0,0,0,0,0,0,0,0,0,0,0,0
"1105",20415,9,0,0,0,0,0,0,0,0,0,0,0,0,0,0,0,0,0
"1106",20418,3,0,0,0,0,0,0,0,0,0,0,0,0,0,0,0,0,0
"1107",20425,1,0,0,0,0,0,0,0,0,0,0,0,0,0,0,0,0,0
"1108",20753,6,0,0,0,0,0,0,0,0,0,0,0,0,0,0,0,0,0
