"","CaseID","Predicted_Time","Due"
"1",47,101,2020-07-27
"2",58,101,2020-07-27
"3",67,101,2020-07-27
"4",234,71,2020-07-27
"5",319,93,2020-07-27
"6",354,56,2020-07-27
"7",430,99,2020-07-27
"8",460,60,2020-07-27
"9",475,58,2020-07-27
"10",478,58,2020-07-28
"11",503,96,2020-07-28
"12",531,59,2020-07-28
"13",624,29,2020-07-28
"14",652,89,2020-07-28
"15",661,81,2020-07-28
"16",662,81,2020-07-28
"17",718,27,2020-07-28
"18",742,114,2020-07-28
"19",760,53,2020-07-28
"20",796,42,2020-07-29
"21",809,49,2020-07-29
"22",860,55,2020-07-29
"23",944,45,2020-07-29
"24",960,43,2020-07-29
"25",991,35,2020-07-29
"26",1002,6,2020-07-29
"27",1004,6,2020-07-29
"28",1006,41,2020-07-29
"29",1008,41,2020-07-29
"30",1011,23,2020-07-30
"31",1018,41,2020-07-30
"32",1032,82,2020-07-30
"33",1039,33,2020-07-30
"34",1043,34,2020-07-30
"35",1053,40,2020-07-30
"36",1074,73,2020-07-30
"37",1083,53,2020-07-30
"38",1086,67,2020-07-30
"39",1118,63,2020-07-30
"40",1142,35,2020-07-31
"41",1219,35,2020-07-31
"42",1231,76,2020-07-31
"43",1232,76,2020-07-31
"44",1245,73,2020-07-31
"45",1430,40,2020-07-31
"46",1433,40,2020-07-31
"47",1439,98,2020-07-31
"48",1447,2,2020-07-31
"49",1464,2,2020-07-31
"50",1491,36,2020-08-01
"51",1498,31,2020-08-01
"52",1539,62,2020-08-01
"53",1568,57,2020-08-01
"54",1600,46,2020-08-01
"55",1603,46,2020-08-01
"56",1621,63,2020-08-01
"57",1629,57,2020-08-01
"58",1666,31,2020-08-01
"59",1698,-5,2020-08-01
"60",1699,62,2020-08-02
"61",1809,96,2020-08-02
"62",1847,100,2020-08-02
"63",1870,82,2020-08-02
"64",1873,97,2020-08-02
"65",2078,81,2020-08-02
"66",2089,81,2020-08-02
"67",2145,47,2020-08-02
"68",2167,43,2020-08-02
"69",2182,140,2020-08-02
"70",2205,44,2020-08-03
"71",2209,66,2020-08-03
"72",2230,165,2020-08-03
"73",2357,60,2020-08-03
"74",2394,59,2020-08-03
"75",2409,61,2020-08-03
"76",2416,61,2020-08-03
"77",2573,54,2020-08-03
"78",2610,56,2020-08-03
"79",2616,56,2020-08-03
"80",2625,56,2020-08-04
"81",2652,111,2020-08-04
"82",2653,111,2020-08-04
"83",2654,111,2020-08-04
"84",2671,74,2020-08-04
"85",2672,1,2020-08-04
"86",2710,59,2020-08-04
"87",2713,72,2020-08-04
"88",2722,75,2020-08-04
"89",2724,75,2020-08-04
"90",2751,66,2020-08-05
"91",2771,64,2020-08-05
"92",2784,61,2020-08-05
"93",2839,64,2020-08-05
"94",2844,63,2020-08-05
"95",2890,64,2020-08-05
"96",2902,68,2020-08-05
"97",2910,66,2020-08-05
"98",2944,65,2020-08-05
"99",2950,72,2020-08-05
"100",2953,68,2020-08-06
"101",2968,68,2020-08-06
"102",2969,65,2020-08-06
"103",2984,79,2020-08-06
"104",3037,55,2020-08-06
"105",3075,61,2020-08-06
"106",3076,61,2020-08-06
"107",3118,60,2020-08-06
"108",3126,71,2020-08-06
"109",3142,104,2020-08-06
"110",3144,79,2020-08-07
"111",3156,1,2020-08-07
"112",3169,78,2020-08-07
"113",3184,62,2020-08-07
"114",3192,79,2020-08-07
"115",3198,71,2020-08-07
"116",3223,69,2020-08-07
"117",3231,58,2020-08-07
"118",3233,51,2020-08-07
"119",3234,51,2020-08-07
"120",3242,50,2020-08-08
"121",3244,58,2020-08-08
"122",3264,73,2020-08-08
"123",3281,70,2020-08-08
"124",3283,70,2020-08-08
"125",3293,73,2020-08-08
"126",3336,67,2020-08-08
"127",3353,1,2020-08-08
"128",3354,74,2020-08-08
"129",3428,72,2020-08-08
"130",3430,72,2020-08-09
"131",3458,47,2020-08-09
"132",3468,74,2020-08-09
"133",3481,91,2020-08-09
"134",3488,75,2020-08-09
"135",3544,74,2020-08-09
"136",3554,46,2020-08-09
"137",3594,46,2020-08-09
"138",3597,75,2020-08-09
"139",3621,81,2020-08-09
"140",3660,45,2020-08-10
"141",3664,67,2020-08-10
"142",3675,45,2020-08-10
"143",3678,68,2020-08-10
"144",3685,68,2020-08-10
"145",3689,78,2020-08-10
"146",3697,84,2020-08-10
"147",3708,80,2020-08-10
"148",3790,81,2020-08-10
"149",3797,46,2020-08-10
"150",3840,54,2020-08-11
"151",3846,54,2020-08-11
"152",3849,54,2020-08-11
"153",3854,54,2020-08-11
"154",3860,2,2020-08-11
"155",3866,54,2020-08-11
"156",3907,83,2020-08-11
"157",3924,1,2020-08-11
"158",3965,45,2020-08-11
"159",3967,45,2020-08-11
"160",3971,57,2020-08-12
"161",3975,58,2020-08-12
"162",4004,1,2020-08-12
"163",4006,44,2020-08-12
"164",4008,80,2020-08-12
"165",4021,80,2020-08-12
"166",4033,1,2020-08-12
"167",4034,57,2020-08-12
"168",4040,45,2020-08-12
"169",4051,1,2020-08-12
"170",4098,45,2020-08-13
"171",4207,85,2020-08-13
"172",4224,82,2020-08-13
"173",4229,83,2020-08-13
"174",4329,8,2020-08-13
"175",4336,45,2020-08-13
"176",4337,45,2020-08-13
"177",4344,86,2020-08-13
"178",4345,86,2020-08-13
"179",4373,82,2020-08-13
"180",4374,82,2020-08-14
"181",4397,60,2020-08-14
"182",4449,82,2020-08-14
"183",4482,84,2020-08-14
"184",4525,81,2020-08-14
"185",4547,47,2020-08-14
"186",4561,80,2020-08-14
"187",4577,81,2020-08-14
"188",4645,77,2020-08-14
"189",4713,75,2020-08-14
"190",4753,51,2020-08-15
"191",4780,66,2020-08-15
"192",4784,45,2020-08-15
"193",4787,36,2020-08-15
"194",4794,75,2020-08-15
"195",4795,92,2020-08-15
"196",4799,72,2020-08-15
"197",4829,74,2020-08-15
"198",4834,73,2020-08-15
"199",4844,37,2020-08-15
"200",4847,416,2020-08-16
"201",4850,1,2020-08-16
"202",4855,83,2020-08-16
"203",4880,79,2020-08-16
"204",4899,71,2020-08-16
"205",4926,74,2020-08-16
"206",4928,74,2020-08-16
"207",4943,50,2020-08-16
"208",4945,5,2020-08-16
"209",4973,73,2020-08-16
"210",4975,42,2020-08-17
"211",4979,72,2020-08-17
"212",4994,69,2020-08-17
"213",5008,5,2020-08-17
"214",5028,0,2020-08-17
"215",5047,69,2020-08-17
"216",5052,6,2020-08-17
"217",5055,6,2020-08-17
"218",5060,3,2020-08-17
"219",5119,6,2020-08-17
"220",5130,5,2020-08-18
"221",5140,68,2020-08-18
"222",5157,30,2020-08-18
"223",5186,52,2020-08-18
"224",5193,63,2020-08-18
"225",5199,0,2020-08-18
"226",5201,18,2020-08-18
"227",5207,30,2020-08-18
"228",5234,45,2020-08-18
"229",5246,62,2020-08-18
"230",5247,62,2020-08-19
"231",5272,53,2020-08-19
"232",5277,54,2020-08-19
"233",5278,54,2020-08-19
"234",5306,53,2020-08-19
"235",5337,44,2020-08-19
"236",5347,53,2020-08-19
"237",5423,55,2020-08-19
"238",5429,53,2020-08-19
"239",5433,53,2020-08-19
"240",5451,54,2020-08-20
"241",5453,54,2020-08-20
"242",5505,53,2020-08-20
"243",5518,31,2020-08-20
"244",5597,0,2020-08-20
"245",5613,34,2020-08-20
"246",5657,7,2020-08-20
"247",5703,4,2020-08-20
"248",5713,45,2020-08-20
"249",5780,4,2020-08-20
"250",5795,34,2020-08-21
"251",5802,50,2020-08-21
"252",5817,41,2020-08-21
"253",5837,34,2020-08-21
"254",5839,44,2020-08-21
"255",5857,44,2020-08-21
"256",5862,7,2020-08-21
"257",5870,44,2020-08-21
"258",5877,43,2020-08-21
"259",5887,4,2020-08-21
"260",5896,33,2020-08-22
"261",5897,155,2020-08-22
"262",5928,43,2020-08-22
"263",5977,13,2020-08-22
"264",5980,42,2020-08-22
"265",6009,43,2020-08-22
"266",6049,35,2020-08-22
"267",6105,0,2020-08-22
"268",6186,38,2020-08-22
"269",6199,42,2020-08-22
"270",6202,44,2020-08-23
"271",6206,39,2020-08-23
"272",6238,36,2020-08-23
"273",6250,37,2020-08-23
"274",6257,37,2020-08-23
"275",6279,36,2020-08-23
"276",6283,36,2020-08-23
"277",6336,8,2020-08-23
"278",6351,34,2020-08-23
"279",6389,32,2020-08-23
"280",6399,33,2020-08-24
"281",6410,19,2020-08-24
"282",6413,0,2020-08-24
"283",6442,31,2020-08-24
"284",6445,32,2020-08-24
"285",6503,40,2020-08-24
"286",6535,31,2020-08-24
"287",6537,33,2020-08-24
"288",6538,35,2020-08-24
"289",6566,39,2020-08-24
"290",6611,30,2020-08-25
"291",6648,34,2020-08-25
"292",6652,41,2020-08-25
"293",6666,0,2020-08-25
"294",6689,28,2020-08-25
"295",6699,33,2020-08-25
"296",6705,34,2020-08-25
"297",6731,15,2020-08-25
"298",6732,32,2020-08-25
"299",6739,34,2020-08-25
"300",6744,29,2020-08-26
"301",6753,28,2020-08-26
"302",6774,32,2020-08-26
"303",6834,358,2020-08-26
"304",6848,29,2020-08-26
"305",6859,0,2020-08-26
"306",6860,32,2020-08-26
"307",6896,22,2020-08-26
"308",6899,33,2020-08-26
"309",6945,-8,2020-08-26
"310",6972,22,2020-08-27
"311",6975,37,2020-08-27
"312",6985,28,2020-08-27
"313",6987,19,2020-08-27
"314",7016,29,2020-08-27
"315",7023,29,2020-08-27
"316",7034,59,2020-08-27
"317",7045,30,2020-08-27
"318",7051,21,2020-08-27
"319",7053,24,2020-08-27
"320",7078,35,2020-08-28
"321",7083,11,2020-08-28
"322",7084,11,2020-08-28
"323",7099,21,2020-08-28
"324",7100,30,2020-08-28
"325",7104,38,2020-08-28
"326",7128,17,2020-08-28
"327",7132,17,2020-08-28
"328",7137,17,2020-08-28
"329",7160,37,2020-08-28
"330",7165,28,2020-08-29
"331",7177,42,2020-08-29
"332",7233,29,2020-08-29
"333",7239,36,2020-08-29
"334",7241,31,2020-08-29
"335",7249,31,2020-08-29
"336",7251,338,2020-08-29
"337",7253,37,2020-08-29
"338",7274,25,2020-08-29
"339",7277,21,2020-08-29
"340",7290,30,2020-08-30
"341",7299,25,2020-08-30
"342",7303,44,2020-08-30
"343",7359,31,2020-08-30
"344",7380,30,2020-08-30
"345",7390,21,2020-08-30
"346",7395,29,2020-08-30
"347",7406,12,2020-08-30
"348",7437,22,2020-08-30
"349",7440,0,2020-08-30
"350",7469,36,2020-08-31
"351",7470,22,2020-08-31
"352",7476,29,2020-08-31
"353",7500,27,2020-08-31
"354",7510,29,2020-08-31
"355",7544,31,2020-08-31
"356",7552,23,2020-08-31
"357",7577,22,2020-08-31
"358",7578,22,2020-08-31
"359",7579,23,2020-08-31
"360",7586,35,2020-09-01
"361",7590,53,2020-09-01
"362",7594,22,2020-09-01
"363",7616,30,2020-09-01
"364",7617,25,2020-09-01
"365",7645,38,2020-09-01
"366",7680,33,2020-09-01
"367",7681,28,2020-09-01
"368",7706,18,2020-09-01
"369",7714,27,2020-09-01
"370",7732,37,2020-09-02
"371",7743,37,2020-09-02
"372",7789,30,2020-09-02
"373",7821,30,2020-09-02
"374",7827,28,2020-09-02
"375",7849,39,2020-09-02
"376",7857,12,2020-09-02
"377",7860,24,2020-09-02
"378",7886,6,2020-09-02
"379",7887,24,2020-09-02
"380",7897,18,2020-09-03
"381",7917,36,2020-09-03
"382",7922,35,2020-09-03
"383",7942,25,2020-09-03
"384",7974,29,2020-09-03
"385",7980,23,2020-09-03
"386",7983,40,2020-09-03
"387",7986,40,2020-09-03
"388",7991,41,2020-09-03
"389",7994,28,2020-09-03
"390",8026,25,2020-09-04
"391",8041,32,2020-09-04
"392",8051,25,2020-09-04
"393",8089,42,2020-09-04
"394",8093,18,2020-09-04
"395",8123,30,2020-09-04
"396",8156,42,2020-09-04
"397",8161,42,2020-09-04
"398",8164,11,2020-09-04
"399",8175,38,2020-09-04
"400",8191,30,2020-09-05
"401",8202,26,2020-09-05
"402",8211,29,2020-09-05
"403",8212,29,2020-09-05
"404",8239,43,2020-09-05
"405",8264,17,2020-09-05
"406",8333,44,2020-09-05
"407",8338,26,2020-09-05
"408",8340,32,2020-09-05
"409",8342,44,2020-09-05
"410",8381,28,2020-09-06
"411",8396,11,2020-09-06
"412",8406,45,2020-09-06
"413",8417,33,2020-09-06
"414",8423,17,2020-09-06
"415",8439,27,2020-09-06
"416",8474,19,2020-09-06
"417",8491,28,2020-09-06
"418",8492,34,2020-09-06
"419",8503,0,2020-09-06
"420",8514,10,2020-09-07
"421",8540,33,2020-09-07
"422",8547,28,2020-09-07
"423",8557,46,2020-09-07
"424",8576,34,2020-09-07
"425",8592,16,2020-09-07
"426",8611,16,2020-09-07
"427",8634,20,2020-09-07
"428",8683,29,2020-09-07
"429",8736,25,2020-09-07
"430",8773,77,2020-09-08
"431",8790,82,2020-09-08
"432",8800,30,2020-09-08
"433",8830,30,2020-09-08
"434",8839,28,2020-09-08
"435",8848,33,2020-09-08
"436",8855,28,2020-09-08
"437",8886,29,2020-09-08
"438",8899,28,2020-09-08
"439",8900,29,2020-09-08
"440",8907,29,2020-09-09
"441",8909,24,2020-09-09
"442",8942,48,2020-09-09
"443",8952,35,2020-09-09
"444",8996,15,2020-09-09
"445",9010,35,2020-09-09
"446",9015,35,2020-09-09
"447",9062,30,2020-09-09
"448",9071,84,2020-09-09
"449",9083,46,2020-09-09
"450",9107,48,2020-09-10
"451",9110,29,2020-09-10
"452",9140,15,2020-09-10
"453",9158,15,2020-09-10
"454",9162,46,2020-09-10
"455",9163,46,2020-09-10
"456",9168,8,2020-09-10
"457",9209,49,2020-09-10
"458",9243,28,2020-09-10
"459",9302,40,2020-09-10
"460",9324,29,2020-09-11
"461",9343,27,2020-09-11
"462",9366,32,2020-09-11
"463",9369,30,2020-09-11
"464",9383,32,2020-09-11
"465",9392,48,2020-09-11
"466",9399,30,2020-09-11
"467",9420,46,2020-09-11
"468",9443,24,2020-09-11
"469",9459,27,2020-09-11
"470",9470,37,2020-09-12
"471",9485,25,2020-09-12
"472",9486,30,2020-09-12
"473",9489,6,2020-09-12
"474",9494,30,2020-09-12
"475",9503,30,2020-09-12
"476",9504,32,2020-09-12
"477",9534,3,2020-09-12
"478",9548,33,2020-09-12
"479",9565,29,2020-09-12
"480",9578,86,2020-09-13
"481",9595,32,2020-09-13
"482",9624,29,2020-09-13
"483",9650,30,2020-09-13
"484",9651,31,2020-09-13
"485",9675,28,2020-09-13
"486",9678,32,2020-09-13
"487",9753,57,2020-09-13
"488",9758,29,2020-09-13
"489",9771,65,2020-09-13
"490",9785,29,2020-09-14
"491",9816,13,2020-09-14
"492",9822,12,2020-09-14
"493",9828,30,2020-09-14
"494",9863,43,2020-09-14
"495",9868,26,2020-09-14
"496",9897,4,2020-09-14
"497",9926,12,2020-09-14
"498",9943,81,2020-09-14
"499",9945,30,2020-09-14
"500",9949,26,2020-09-15
"501",9951,30,2020-09-15
"502",9966,25,2020-09-15
"503",9968,28,2020-09-15
"504",10057,280,2020-09-15
"505",10062,34,2020-09-15
"506",10080,84,2020-09-15
"507",10081,84,2020-09-15
"508",10097,39,2020-09-15
"509",10120,26,2020-09-15
"510",10121,26,2020-09-16
"511",10126,34,2020-09-16
"512",10139,38,2020-09-16
"513",10147,0,2020-09-16
"514",10187,25,2020-09-16
"515",10199,36,2020-09-16
"516",10221,32,2020-09-16
"517",10246,24,2020-09-16
"518",10257,23,2020-09-16
"519",10264,11,2020-09-16
"520",10279,19,2020-09-17
"521",10293,33,2020-09-17
"522",10325,81,2020-09-17
"523",10328,81,2020-09-17
"524",10340,11,2020-09-17
"525",10342,0,2020-09-17
"526",10343,77,2020-09-17
"527",10392,0,2020-09-17
"528",10409,30,2020-09-17
"529",10419,30,2020-09-17
"530",10452,32,2020-09-18
"531",10484,33,2020-09-18
"532",10489,33,2020-09-18
"533",10499,20,2020-09-18
"534",10521,19,2020-09-18
"535",10529,33,2020-09-18
"536",10555,75,2020-09-18
"537",10567,11,2020-09-18
"538",10589,79,2020-09-18
"539",10592,2,2020-09-18
"540",10593,1,2020-09-19
"541",10598,31,2020-09-19
"542",10641,30,2020-09-19
"543",10680,29,2020-09-19
"544",10687,33,2020-09-19
"545",10833,25,2020-09-19
"546",10939,39,2020-09-19
"547",10947,27,2020-09-19
"548",10966,2,2020-09-19
"549",10973,2,2020-09-19
"550",11000,34,2020-09-20
"551",11007,11,2020-09-20
"552",11033,20,2020-09-20
"553",11075,24,2020-09-20
"554",11077,32,2020-09-20
"555",11078,32,2020-09-20
"556",11091,2,2020-09-20
"557",11179,68,2020-09-20
"558",11196,0,2020-09-20
"559",11215,12,2020-09-20
"560",11220,14,2020-09-21
